-- phpMyAdmin SQL Dump
-- version 5.2.0
-- https://www.phpmyadmin.net/
--
-- Host: 127.0.0.1
-- Generation Time: Jan 04, 2023 at 05:51 PM
-- Server version: 10.4.27-MariaDB
-- PHP Version: 8.1.12

SET SQL_MODE = "NO_AUTO_VALUE_ON_ZERO";
START TRANSACTION;
SET time_zone = "+00:00";


/*!40101 SET @OLD_CHARACTER_SET_CLIENT=@@CHARACTER_SET_CLIENT */;
/*!40101 SET @OLD_CHARACTER_SET_RESULTS=@@CHARACTER_SET_RESULTS */;
/*!40101 SET @OLD_COLLATION_CONNECTION=@@COLLATION_CONNECTION */;
/*!40101 SET NAMES utf8mb4 */;

--
-- Database: `db_dormitory_kmutnb_pri`
--

-- --------------------------------------------------------

--
-- Table structure for table `tb_admins`
--

CREATE TABLE `tb_admins` (
  `adm_id` int(255) NOT NULL,
  `adm_username` varchar(50) NOT NULL,
  `adm_password` varchar(255) NOT NULL,
  `adm_salt` varchar(30) NOT NULL,
  `adm_fullname` varchar(80) NOT NULL,
  `adm_description` varchar(40) DEFAULT NULL,
  `adm_status` smallint(2) NOT NULL DEFAULT 2,
  `created_at` timestamp NOT NULL DEFAULT current_timestamp(),
  `updated_at` timestamp NOT NULL DEFAULT current_timestamp()
) ENGINE=InnoDB DEFAULT CHARSET=utf8mb4 COLLATE=utf8mb4_general_ci;

--
-- Dumping data for table `tb_admins`
--

INSERT INTO `tb_admins` (`adm_id`, `adm_username`, `adm_password`, `adm_salt`, `adm_fullname`, `adm_description`, `adm_status`, `created_at`, `updated_at`) VALUES
(4, 'csnp_ch', 'a92f9936f8efa7f83ecacac67d8377e7d94e7d901003620e8b69d9af1444b9ce', 'jK5fqxX34h2Dy8V+mc8)WMzB', 'Chitsanuphong Chaihong', '-', 1, '2022-03-03 14:39:24', '2022-03-03 14:39:24'),
(6, 'smh', 'b746513c5b41110617eaae463f99f10c816bf088545469b46b3affdce70cab85', '+yBx-AsGZC2sQzEpNt5pcd', 'sola suuuu', 'เจ้าหน้าที่ควบคุมระบบการจอง', 0, '2023-01-04 13:58:14', '2023-01-04 14:18:43'),
(7, 'student', '0cbe59f2a7e02ecd7cbe64532c35c0d2836f8373e3cd010a7ad1293a356978d2', 'FcVub#QSTnTApjX4@)A5)u2', 'student one', 'นักศึกษาตัวแทนสาขา IT', 2, '2023-01-04 14:01:16', '2023-01-04 14:10:58');

-- --------------------------------------------------------

--
-- Table structure for table `tb_books`
--

CREATE TABLE `tb_books` (
  `book_id` int(255) NOT NULL,
  `branch_id` int(255) DEFAULT NULL,
  `room_id` int(255) NOT NULL,
  `created_at` timestamp NOT NULL DEFAULT current_timestamp(),
  `updated_at` timestamp NOT NULL DEFAULT current_timestamp()
) ENGINE=InnoDB DEFAULT CHARSET=utf8mb4 COLLATE=utf8mb4_general_ci;

--
-- Dumping data for table `tb_books`
--

INSERT INTO `tb_books` (`book_id`, `branch_id`, `room_id`, `created_at`, `updated_at`) VALUES
(5, 1, 13, '2022-03-06 06:46:16', '2022-03-06 06:46:16'),
(6, 1, 14, '2022-03-06 06:46:16', '2022-03-06 06:46:16'),
(7, 1, 15, '2022-03-06 06:46:16', '2022-03-06 06:46:16'),
(8, 1, 16, '2022-03-06 06:46:16', '2022-03-06 06:46:16'),
(9, 1, 17, '2022-03-06 06:46:16', '2022-03-06 06:46:16'),
(10, 2, 18, '2022-03-06 06:46:16', '2022-03-06 06:56:03'),
(11, 2, 19, '2022-03-06 06:46:16', '2022-03-06 06:56:03'),
(12, 2, 20, '2022-03-06 06:46:16', '2022-03-06 06:56:03'),
(13, 2, 21, '2022-03-06 06:46:45', '2022-03-06 06:56:03'),
(14, 2, 22, '2022-03-06 06:46:45', '2022-03-06 06:56:03'),
(15, 3, 23, '2022-03-06 06:46:45', '2022-03-06 06:56:16'),
(16, 3, 24, '2022-03-06 06:46:45', '2022-03-06 06:56:16'),
(17, 3, 25, '2022-03-06 06:46:45', '2022-03-06 06:56:16'),
(18, 3, 26, '2022-03-06 06:46:45', '2022-03-06 06:56:16'),
(19, 3, 27, '2022-03-06 06:46:45', '2022-03-06 06:56:16'),
(20, 4, 28, '2022-03-06 06:46:45', '2022-03-06 06:56:31'),
(21, 4, 29, '2022-03-06 06:47:04', '2022-03-06 06:56:31'),
(22, 4, 30, '2022-03-06 06:47:04', '2022-03-06 06:56:31'),
(23, 4, 31, '2022-03-06 06:47:04', '2022-03-06 06:56:31'),
(24, 4, 32, '2022-03-06 06:47:04', '2022-03-06 06:56:31'),
(25, 5, 33, '2022-03-06 06:47:04', '2022-03-06 06:56:48'),
(26, 5, 34, '2022-03-06 06:47:04', '2022-03-06 06:56:48'),
(27, 5, 35, '2022-03-06 06:47:04', '2022-03-06 06:56:48'),
(28, 5, 36, '2022-03-06 06:47:04', '2022-03-06 06:56:48'),
(29, 5, 37, '2022-03-06 06:47:34', '2022-03-06 06:56:48'),
(30, 6, 38, '2022-03-06 06:47:34', '2022-03-06 06:57:48'),
(31, 6, 39, '2022-03-06 06:47:34', '2022-03-06 06:57:48'),
(32, 6, 40, '2022-03-06 06:47:34', '2022-03-06 06:57:48'),
(33, 6, 41, '2022-03-06 06:47:34', '2022-03-06 06:57:48'),
(34, 6, 42, '2022-03-06 06:47:34', '2022-03-06 06:57:48'),
(35, NULL, 43, '2022-03-06 06:47:34', '2022-03-06 07:18:44'),
(36, NULL, 44, '2022-03-06 06:47:34', '2022-03-06 07:18:44'),
(40, 7, 45, '2022-03-06 07:02:14', '2022-03-06 07:02:14'),
(41, 7, 46, '2022-03-06 07:02:14', '2022-03-06 07:02:14'),
(42, 7, 47, '2022-03-06 07:02:14', '2022-03-06 07:02:14'),
(43, 7, 48, '2022-03-06 07:02:14', '2022-03-06 07:02:14'),
(44, 7, 49, '2022-03-06 07:02:14', '2022-03-06 07:02:14'),
(45, 8, 50, '2022-03-06 07:02:26', '2022-03-06 07:02:26'),
(46, 8, 51, '2022-03-06 07:02:26', '2022-03-06 07:02:26'),
(47, 8, 52, '2022-03-06 07:02:26', '2022-03-06 07:02:26'),
(48, 8, 53, '2022-03-06 07:02:26', '2022-03-06 07:02:26'),
(49, 8, 54, '2022-03-06 07:02:26', '2022-03-06 07:02:26'),
(50, 9, 55, '2022-03-06 07:02:37', '2022-03-06 07:02:37'),
(51, 9, 56, '2022-03-06 07:02:37', '2022-03-06 07:02:37'),
(52, 9, 57, '2022-03-06 07:02:37', '2022-03-06 07:02:37'),
(53, 9, 58, '2022-03-06 07:02:37', '2022-03-06 07:02:37'),
(54, 9, 59, '2022-03-06 07:02:37', '2022-03-06 07:02:37'),
(55, 10, 60, '2022-03-06 07:02:47', '2022-03-06 07:02:47'),
(56, 10, 61, '2022-03-06 07:02:47', '2022-03-06 07:02:47'),
(57, 10, 62, '2022-03-06 07:02:47', '2022-03-06 07:02:47'),
(58, 10, 63, '2022-03-06 07:02:47', '2022-03-06 07:02:47'),
(59, 10, 64, '2022-03-06 07:02:47', '2022-03-06 07:02:47'),
(60, 11, 65, '2022-03-06 07:03:01', '2022-03-06 07:03:01'),
(61, 11, 66, '2022-03-06 07:03:01', '2022-03-06 07:03:01'),
(62, 11, 67, '2022-03-06 07:03:01', '2022-03-06 07:03:01'),
(63, 11, 68, '2022-03-06 07:03:01', '2022-03-06 07:03:01'),
(64, 11, 69, '2022-03-06 07:03:01', '2022-03-06 07:03:01'),
(65, 12, 70, '2022-03-06 07:03:14', '2022-03-06 07:03:14'),
(66, 12, 71, '2022-03-06 07:03:14', '2022-03-06 07:03:14'),
(67, 12, 72, '2022-03-06 07:03:14', '2022-03-06 07:03:14'),
(68, 12, 73, '2022-03-06 07:03:14', '2022-03-06 07:03:14'),
(69, 12, 74, '2022-03-06 07:03:14', '2022-03-06 07:03:14'),
(72, 8, 77, '2022-03-06 07:03:56', '2023-01-04 14:34:10'),
(73, 8, 78, '2022-03-06 07:03:56', '2023-01-04 14:34:10'),
(74, 8, 79, '2022-03-06 07:03:56', '2023-01-04 14:34:10'),
(75, 8, 80, '2022-03-06 07:03:56', '2023-01-04 14:34:10'),
(76, 8, 81, '2022-03-06 07:03:56', '2023-01-04 14:34:10'),
(77, 8, 82, '2022-03-06 07:04:23', '2023-01-04 14:34:10'),
(78, 8, 84, '2022-03-06 07:04:23', '2023-01-04 14:34:10'),
(79, 8, 85, '2022-03-06 07:04:23', '2023-01-04 14:34:10'),
(80, 8, 86, '2022-03-06 07:04:23', '2023-01-04 14:34:10'),
(81, 8, 87, '2022-03-06 07:04:23', '2023-01-04 14:34:10'),
(82, 10, 88, '2022-03-06 07:05:00', '2023-01-04 14:35:04'),
(83, 10, 89, '2022-03-06 07:05:00', '2023-01-04 14:35:04'),
(84, 10, 90, '2022-03-06 07:05:00', '2023-01-04 14:35:04'),
(85, 10, 91, '2022-03-06 07:05:00', '2023-01-04 14:35:04'),
(86, 10, 92, '2022-03-06 07:05:00', '2023-01-04 14:35:04'),
(87, 10, 94, '2022-03-06 07:05:19', '2023-01-04 14:35:04'),
(88, 10, 93, '2022-03-06 07:05:19', '2023-01-04 14:35:04'),
(89, 10, 83, '2022-03-06 07:05:19', '2023-01-04 14:35:04'),
(90, 10, 95, '2022-03-06 07:05:19', '2023-01-04 14:35:04'),
(91, 10, 96, '2022-03-06 07:05:19', '2023-01-04 14:35:04'),
(92, 10, 97, '2022-03-06 07:06:59', '2023-01-04 14:35:04'),
(93, 10, 98, '2022-03-06 07:06:59', '2023-01-04 14:35:04'),
(94, 10, 99, '2022-03-06 07:06:59', '2023-01-04 14:35:04'),
(95, 10, 100, '2022-03-06 07:06:59', '2023-01-04 14:35:04'),
(96, 18, 101, '2022-03-06 07:07:14', '2022-03-06 07:20:45'),
(97, 18, 102, '2022-03-06 07:07:14', '2022-03-06 07:20:45'),
(98, 18, 103, '2022-03-06 07:07:14', '2022-03-06 07:20:45'),
(99, 18, 104, '2022-03-06 07:07:14', '2022-03-06 07:20:45'),
(100, 18, 105, '2022-03-06 07:07:14', '2022-03-06 07:20:45'),
(101, 19, 106, '2022-03-06 07:07:14', '2022-03-06 07:20:59'),
(102, 19, 107, '2022-03-06 07:07:28', '2022-03-06 07:20:59'),
(103, 19, 108, '2022-03-06 07:07:28', '2022-03-06 07:20:59'),
(104, 19, 109, '2022-03-06 07:07:28', '2022-03-06 07:20:59'),
(105, 19, 110, '2022-03-06 07:07:28', '2022-03-06 07:20:59'),
(106, 20, 111, '2022-03-06 07:07:28', '2022-03-06 07:21:11'),
(107, 20, 112, '2022-03-06 07:07:28', '2022-03-06 07:21:11'),
(108, 20, 113, '2022-03-06 07:07:42', '2022-03-06 07:21:11'),
(109, 20, 114, '2022-03-06 07:07:42', '2022-03-06 07:21:11'),
(110, 20, 115, '2022-03-06 07:07:42', '2022-03-06 07:21:11'),
(111, 21, 116, '2022-03-06 07:07:42', '2022-03-06 07:21:22'),
(112, 21, 118, '2022-03-06 07:07:42', '2022-03-06 07:21:22'),
(113, 21, 117, '2022-03-06 07:07:42', '2022-03-06 07:21:22'),
(114, 21, 119, '2022-03-06 07:08:05', '2022-03-06 07:21:22'),
(115, 21, 120, '2022-03-06 07:08:05', '2022-03-06 07:21:22'),
(116, NULL, 121, '2022-03-06 07:08:05', '2022-03-06 07:21:35'),
(117, NULL, 122, '2022-03-06 07:08:05', '2022-03-06 07:21:35'),
(118, NULL, 123, '2022-03-06 07:08:05', '2022-03-06 07:21:35'),
(119, NULL, 124, '2022-03-06 07:08:05', '2022-03-06 07:21:35'),
(121, NULL, 75, '2022-03-06 08:17:01', '2022-03-06 08:17:01'),
(122, NULL, 76, '2022-03-06 08:17:01', '2022-03-06 08:17:01'),
(123, 1, 133, '2022-03-06 15:52:21', '2022-03-06 15:52:21'),
(124, 1, 134, '2022-03-06 15:52:21', '2022-03-06 15:52:21'),
(125, 1, 135, '2022-03-06 15:52:21', '2022-03-06 15:52:21'),
(126, 1, 136, '2022-03-06 15:52:21', '2022-03-06 15:52:21'),
(127, 1, 137, '2022-03-06 15:52:21', '2022-03-06 15:52:21'),
(128, 1, 138, '2022-03-06 15:52:21', '2022-03-06 15:52:21'),
(129, 2, 139, '2022-03-06 15:52:36', '2022-03-06 15:52:36'),
(130, 2, 140, '2022-03-06 15:52:36', '2022-03-06 15:52:36'),
(131, 2, 141, '2022-03-06 15:52:36', '2022-03-06 15:52:36'),
(132, 2, 142, '2022-03-06 15:52:36', '2022-03-06 15:52:36'),
(133, 2, 143, '2022-03-06 15:52:36', '2022-03-06 15:52:36'),
(134, 2, 144, '2022-03-06 15:52:36', '2022-03-06 15:52:36'),
(135, 3, 145, '2022-03-06 15:53:12', '2022-03-06 15:53:12'),
(136, 3, 146, '2022-03-06 15:53:12', '2022-03-06 15:53:12'),
(137, 3, 147, '2022-03-06 15:53:12', '2022-03-06 15:53:12'),
(138, 3, 148, '2022-03-06 15:53:12', '2022-03-06 15:53:12'),
(139, 3, 149, '2022-03-06 15:53:12', '2022-03-06 15:53:12'),
(140, 3, 150, '2022-03-06 15:53:12', '2022-03-06 15:53:12'),
(141, 4, 151, '2022-03-06 15:53:24', '2022-03-06 15:53:24'),
(142, 4, 152, '2022-03-06 15:53:24', '2022-03-06 15:53:24'),
(143, 4, 153, '2022-03-06 15:53:24', '2022-03-06 15:53:24'),
(144, 4, 154, '2022-03-06 15:53:24', '2022-03-06 15:53:24'),
(145, 4, 155, '2022-03-06 15:53:24', '2022-03-06 15:53:24'),
(146, 4, 156, '2022-03-06 15:53:24', '2022-03-06 15:53:24'),
(147, 5, 157, '2022-03-06 15:53:39', '2022-03-06 15:53:39'),
(148, 5, 158, '2022-03-06 15:53:39', '2022-03-06 15:53:39'),
(149, 5, 159, '2022-03-06 15:53:39', '2022-03-06 15:53:39'),
(150, 5, 160, '2022-03-06 15:53:39', '2022-03-06 15:53:39'),
(151, 5, 161, '2022-03-06 15:53:39', '2022-03-06 15:53:39'),
(152, 5, 162, '2022-03-06 15:53:39', '2022-03-06 15:53:39'),
(153, 6, 163, '2022-03-06 15:53:50', '2022-03-06 15:53:50'),
(154, 6, 397, '2022-03-06 15:53:50', '2022-03-06 15:53:50'),
(155, 6, 398, '2022-03-06 15:53:50', '2022-03-06 15:53:50'),
(156, 6, 399, '2022-03-06 15:53:50', '2022-03-06 15:53:50'),
(157, 6, 400, '2022-03-06 15:53:50', '2022-03-06 15:53:50'),
(158, 6, 401, '2022-03-06 15:53:50', '2022-03-06 15:53:50'),
(159, 7, 164, '2022-03-06 15:54:07', '2022-03-06 15:54:07'),
(160, 7, 165, '2022-03-06 15:54:07', '2022-03-06 15:54:07'),
(161, 7, 166, '2022-03-06 15:54:07', '2022-03-06 15:54:07'),
(162, 7, 167, '2022-03-06 15:54:07', '2022-03-06 15:54:07'),
(163, 7, 168, '2022-03-06 15:54:07', '2022-03-06 15:54:07'),
(164, 7, 169, '2022-03-06 15:54:07', '2022-03-06 15:54:07'),
(165, 8, 170, '2022-03-06 15:54:19', '2022-03-06 15:54:19'),
(166, 8, 171, '2022-03-06 15:54:19', '2022-03-06 15:54:19'),
(167, 8, 172, '2022-03-06 15:54:19', '2022-03-06 15:54:19'),
(168, 8, 173, '2022-03-06 15:54:19', '2022-03-06 15:54:19'),
(169, 8, 174, '2022-03-06 15:54:19', '2022-03-06 15:54:19'),
(170, 8, 175, '2022-03-06 15:54:19', '2022-03-06 15:54:19'),
(171, 9, 176, '2022-03-06 15:54:32', '2022-03-06 15:54:32'),
(172, 9, 177, '2022-03-06 15:54:32', '2022-03-06 15:54:32'),
(173, 9, 178, '2022-03-06 15:54:32', '2022-03-06 15:54:32'),
(174, 9, 179, '2022-03-06 15:54:32', '2022-03-06 15:54:32'),
(175, 9, 180, '2022-03-06 15:54:32', '2022-03-06 15:54:32'),
(176, 9, 181, '2022-03-06 15:54:32', '2022-03-06 15:54:32'),
(177, 10, 182, '2022-03-06 15:54:46', '2022-03-06 15:54:46'),
(178, 10, 183, '2022-03-06 15:54:46', '2022-03-06 15:54:46'),
(179, 10, 184, '2022-03-06 15:54:46', '2022-03-06 15:54:46'),
(180, 10, 185, '2022-03-06 15:54:46', '2022-03-06 15:54:46'),
(181, 10, 186, '2022-03-06 15:54:46', '2022-03-06 15:54:46'),
(182, 10, 187, '2022-03-06 15:54:46', '2022-03-06 15:54:46'),
(183, 11, 188, '2022-03-06 15:55:01', '2022-03-06 15:55:01'),
(184, 11, 189, '2022-03-06 15:55:01', '2022-03-06 15:55:01'),
(185, 11, 190, '2022-03-06 15:55:01', '2022-03-06 15:55:01'),
(186, 11, 191, '2022-03-06 15:55:01', '2022-03-06 15:55:01'),
(187, 11, 192, '2022-03-06 15:55:01', '2022-03-06 15:55:01'),
(188, 11, 193, '2022-03-06 15:55:01', '2022-03-06 15:55:01'),
(189, 12, 194, '2022-03-06 15:55:15', '2022-03-06 15:55:15'),
(190, 12, 195, '2022-03-06 15:55:15', '2022-03-06 15:55:15'),
(191, 12, 196, '2022-03-06 15:55:15', '2022-03-06 15:55:15'),
(192, 12, 197, '2022-03-06 15:55:15', '2022-03-06 15:55:15'),
(193, 12, 198, '2022-03-06 15:55:15', '2022-03-06 15:55:15'),
(194, 12, 199, '2022-03-06 15:55:15', '2022-03-06 15:55:15'),
(195, 13, 200, '2022-03-06 15:55:31', '2022-03-06 15:55:31'),
(196, 13, 201, '2022-03-06 15:55:31', '2022-03-06 15:55:31'),
(197, 13, 202, '2022-03-06 15:55:31', '2022-03-06 15:55:31'),
(198, 13, 203, '2022-03-06 15:55:31', '2022-03-06 15:55:31'),
(199, 13, 204, '2022-03-06 15:55:31', '2022-03-06 15:55:31'),
(200, 13, 205, '2022-03-06 15:55:31', '2022-03-06 15:55:31'),
(201, 14, 206, '2022-03-06 16:00:03', '2022-03-06 16:00:03'),
(202, 14, 207, '2022-03-06 16:00:03', '2022-03-06 16:00:03'),
(203, 14, 208, '2022-03-06 16:00:03', '2022-03-06 16:00:03'),
(204, 14, 209, '2022-03-06 16:00:03', '2022-03-06 16:00:03'),
(205, 14, 210, '2022-03-06 16:00:03', '2022-03-06 16:00:03'),
(206, 14, 211, '2022-03-06 16:00:03', '2022-03-06 16:00:03'),
(207, 15, 212, '2022-03-06 16:00:27', '2022-03-06 16:00:27'),
(208, 15, 213, '2022-03-06 16:00:27', '2022-03-06 16:00:27'),
(209, 15, 214, '2022-03-06 16:00:27', '2022-03-06 16:00:27'),
(210, 15, 215, '2022-03-06 16:00:27', '2022-03-06 16:00:27'),
(211, 15, 216, '2022-03-06 16:00:27', '2022-03-06 16:00:27'),
(212, 15, 217, '2022-03-06 16:00:27', '2022-03-06 16:00:27'),
(213, 16, 218, '2022-03-06 16:00:39', '2022-03-06 16:00:39'),
(214, 16, 219, '2022-03-06 16:00:39', '2022-03-06 16:00:39'),
(215, 16, 220, '2022-03-06 16:00:39', '2022-03-06 16:00:39'),
(216, 16, 221, '2022-03-06 16:00:39', '2022-03-06 16:00:39'),
(217, 16, 222, '2022-03-06 16:00:39', '2022-03-06 16:00:39'),
(218, 16, 223, '2022-03-06 16:00:39', '2022-03-06 16:00:39'),
(219, 17, 224, '2022-03-06 16:11:01', '2022-03-06 16:11:01'),
(220, 17, 225, '2022-03-06 16:11:01', '2022-03-06 16:11:01'),
(221, 17, 226, '2022-03-06 16:11:01', '2022-03-06 16:11:01'),
(222, 17, 227, '2022-03-06 16:11:01', '2022-03-06 16:11:01'),
(223, 17, 228, '2022-03-06 16:11:01', '2022-03-06 16:11:01'),
(224, 17, 229, '2022-03-06 16:11:01', '2022-03-06 16:11:01'),
(225, 19, 230, '2022-03-06 16:11:16', '2022-03-06 16:11:16'),
(226, 19, 231, '2022-03-06 16:11:16', '2022-03-06 16:11:16'),
(227, 19, 232, '2022-03-06 16:11:16', '2022-03-06 16:11:16'),
(228, 19, 233, '2022-03-06 16:11:16', '2022-03-06 16:11:16'),
(229, 19, 234, '2022-03-06 16:11:16', '2022-03-06 16:11:16'),
(230, 19, 235, '2022-03-06 16:11:16', '2022-03-06 16:11:16'),
(231, 18, 236, '2022-03-06 16:12:10', '2022-03-06 16:12:10'),
(232, 18, 237, '2022-03-06 16:12:10', '2022-03-06 16:12:10'),
(233, 18, 238, '2022-03-06 16:12:10', '2022-03-06 16:12:10'),
(234, 18, 239, '2022-03-06 16:12:10', '2022-03-06 16:12:10'),
(235, 18, 240, '2022-03-06 16:12:10', '2022-03-06 16:12:10'),
(236, 18, 241, '2022-03-06 16:12:10', '2022-03-06 16:12:10'),
(237, 20, 242, '2022-03-06 16:12:22', '2022-03-06 16:12:22'),
(238, 20, 243, '2022-03-06 16:12:22', '2022-03-06 16:12:22'),
(239, 20, 244, '2022-03-06 16:12:22', '2022-03-06 16:12:22'),
(240, 20, 245, '2022-03-06 16:12:22', '2022-03-06 16:12:22'),
(241, 20, 246, '2022-03-06 16:12:22', '2022-03-06 16:12:22'),
(242, 20, 247, '2022-03-06 16:12:22', '2022-03-06 16:12:22'),
(243, 21, 248, '2022-03-06 16:12:33', '2022-03-06 16:12:33'),
(244, 21, 249, '2022-03-06 16:12:33', '2022-03-06 16:12:33'),
(245, 21, 250, '2022-03-06 16:12:33', '2022-03-06 16:12:33'),
(246, 21, 251, '2022-03-06 16:12:33', '2022-03-06 16:12:33'),
(247, 21, 252, '2022-03-06 16:12:33', '2022-03-06 16:12:33'),
(248, 21, 253, '2022-03-06 16:12:33', '2022-03-06 16:12:33'),
(249, NULL, 254, '2022-03-06 16:12:44', '2022-03-06 16:12:44'),
(250, NULL, 255, '2022-03-06 16:12:44', '2022-03-06 16:12:44'),
(251, NULL, 256, '2022-03-06 16:12:44', '2022-03-06 16:12:44'),
(252, NULL, 257, '2022-03-06 16:12:44', '2022-03-06 16:12:44'),
(253, NULL, 258, '2022-03-06 16:12:44', '2022-03-06 16:12:44'),
(254, NULL, 259, '2022-03-06 16:12:44', '2022-03-06 16:12:44'),
(255, NULL, 260, '2022-03-06 16:12:44', '2022-03-06 16:12:44'),
(256, NULL, 261, '2022-03-06 16:12:44', '2022-03-06 16:12:44'),
(257, NULL, 269, '2022-03-06 16:13:09', '2022-03-06 16:13:09'),
(258, NULL, 270, '2022-03-06 16:13:09', '2022-03-06 16:13:09'),
(259, NULL, 271, '2022-03-06 16:13:09', '2022-03-06 16:13:09'),
(260, NULL, 272, '2022-03-06 16:13:09', '2022-03-06 16:13:09'),
(261, NULL, 273, '2022-03-06 16:13:09', '2022-03-06 16:13:09'),
(262, NULL, 274, '2022-03-06 16:13:09', '2022-03-06 16:13:09'),
(263, NULL, 275, '2022-03-06 16:13:09', '2022-03-06 16:13:09'),
(264, NULL, 276, '2022-03-06 16:13:09', '2022-03-06 16:13:09'),
(265, NULL, 277, '2022-03-06 16:13:09', '2022-03-06 16:13:09'),
(266, NULL, 278, '2022-03-06 16:13:09', '2022-03-06 16:13:09'),
(267, NULL, 279, '2022-03-06 16:13:09', '2022-03-06 16:13:09'),
(268, NULL, 280, '2022-03-06 16:13:09', '2022-03-06 16:13:09'),
(269, NULL, 281, '2022-03-06 16:13:09', '2022-03-06 16:13:09'),
(270, NULL, 282, '2022-03-06 16:13:09', '2022-03-06 16:13:09'),
(271, NULL, 283, '2022-03-06 16:13:09', '2022-03-06 16:13:09'),
(272, NULL, 284, '2022-03-06 16:13:09', '2022-03-06 16:13:09'),
(273, NULL, 285, '2022-03-06 16:13:09', '2022-03-06 16:13:09'),
(274, NULL, 286, '2022-03-06 16:13:09', '2022-03-06 16:13:09'),
(275, NULL, 287, '2022-03-06 16:13:09', '2022-03-06 16:13:09'),
(276, NULL, 288, '2022-03-06 16:13:09', '2022-03-06 16:13:09'),
(277, NULL, 289, '2022-03-06 16:13:09', '2022-03-06 16:13:09'),
(278, NULL, 290, '2022-03-06 16:13:09', '2022-03-06 16:13:09'),
(279, NULL, 291, '2022-03-06 16:13:09', '2022-03-06 16:13:09'),
(280, NULL, 292, '2022-03-06 16:13:09', '2022-03-06 16:13:09'),
(281, NULL, 293, '2022-03-06 16:13:09', '2022-03-06 16:13:09'),
(282, NULL, 294, '2022-03-06 16:13:09', '2022-03-06 16:13:09'),
(283, NULL, 295, '2022-03-06 16:13:09', '2022-03-06 16:13:09'),
(284, NULL, 296, '2022-03-06 16:13:09', '2022-03-06 16:13:09'),
(285, NULL, 297, '2022-03-06 16:13:09', '2022-03-06 16:13:09'),
(286, NULL, 298, '2022-03-06 16:13:09', '2022-03-06 16:13:09'),
(287, NULL, 299, '2022-03-06 16:13:09', '2022-03-06 16:13:09'),
(288, NULL, 300, '2022-03-06 16:13:09', '2022-03-06 16:13:09'),
(289, NULL, 301, '2022-03-06 16:13:09', '2022-03-06 16:13:09'),
(290, NULL, 302, '2022-03-06 16:13:09', '2022-03-06 16:13:09'),
(291, NULL, 303, '2022-03-06 16:13:09', '2022-03-06 16:13:09'),
(292, NULL, 304, '2022-03-06 16:13:09', '2022-03-06 16:13:09'),
(293, NULL, 305, '2022-03-06 16:13:17', '2022-03-06 16:13:17'),
(294, NULL, 306, '2022-03-06 16:13:17', '2022-03-06 16:13:17'),
(295, NULL, 307, '2022-03-06 16:13:17', '2022-03-06 16:13:17'),
(296, NULL, 308, '2022-03-06 16:13:17', '2022-03-06 16:13:17'),
(297, NULL, 309, '2022-03-06 16:13:17', '2022-03-06 16:13:17'),
(298, NULL, 310, '2022-03-06 16:13:17', '2022-03-06 16:13:17'),
(299, NULL, 311, '2022-03-06 16:13:17', '2022-03-06 16:13:17'),
(300, NULL, 312, '2022-03-06 16:13:17', '2022-03-06 16:13:17'),
(301, NULL, 313, '2022-03-06 16:13:17', '2022-03-06 16:13:17'),
(302, NULL, 314, '2022-03-06 16:13:17', '2022-03-06 16:13:17'),
(303, NULL, 315, '2022-03-06 16:13:17', '2022-03-06 16:13:17'),
(304, NULL, 316, '2022-03-06 16:13:17', '2022-03-06 16:13:17'),
(305, NULL, 317, '2022-03-06 16:13:17', '2022-03-06 16:13:17'),
(306, NULL, 318, '2022-03-06 16:13:17', '2022-03-06 16:13:17'),
(307, NULL, 319, '2022-03-06 16:13:17', '2022-03-06 16:13:17'),
(308, NULL, 320, '2022-03-06 16:13:17', '2022-03-06 16:13:17'),
(309, NULL, 321, '2022-03-06 16:13:17', '2022-03-06 16:13:17'),
(310, NULL, 322, '2022-03-06 16:13:17', '2022-03-06 16:13:17'),
(311, NULL, 323, '2022-03-06 16:13:17', '2022-03-06 16:13:17'),
(312, NULL, 324, '2022-03-06 16:13:17', '2022-03-06 16:13:17'),
(313, NULL, 325, '2022-03-06 16:13:17', '2022-03-06 16:13:17'),
(314, NULL, 326, '2022-03-06 16:13:17', '2022-03-06 16:13:17'),
(315, NULL, 327, '2022-03-06 16:13:17', '2022-03-06 16:13:17'),
(316, NULL, 328, '2022-03-06 16:13:17', '2022-03-06 16:13:17'),
(317, NULL, 329, '2022-03-06 16:13:17', '2022-03-06 16:13:17'),
(318, NULL, 330, '2022-03-06 16:13:17', '2022-03-06 16:13:17'),
(319, NULL, 331, '2022-03-06 16:13:17', '2022-03-06 16:13:17'),
(320, NULL, 332, '2022-03-06 16:13:17', '2022-03-06 16:13:17'),
(321, NULL, 333, '2022-03-06 16:13:17', '2022-03-06 16:13:17'),
(322, NULL, 334, '2022-03-06 16:13:17', '2022-03-06 16:13:17'),
(323, NULL, 335, '2022-03-06 16:13:17', '2022-03-06 16:13:17'),
(324, NULL, 336, '2022-03-06 16:13:17', '2022-03-06 16:13:17'),
(325, NULL, 337, '2022-03-06 16:13:17', '2022-03-06 16:13:17'),
(326, NULL, 338, '2022-03-06 16:13:17', '2022-03-06 16:13:17'),
(327, NULL, 339, '2022-03-06 16:13:17', '2022-03-06 16:13:17'),
(328, NULL, 340, '2022-03-06 16:13:17', '2022-03-06 16:13:17'),
(329, NULL, 341, '2022-03-06 16:13:25', '2022-03-06 16:13:25'),
(330, NULL, 342, '2022-03-06 16:13:25', '2022-03-06 16:13:25'),
(331, NULL, 343, '2022-03-06 16:13:25', '2022-03-06 16:13:25'),
(332, NULL, 344, '2022-03-06 16:13:25', '2022-03-06 16:13:25'),
(333, NULL, 345, '2022-03-06 16:13:25', '2022-03-06 16:13:25'),
(334, NULL, 346, '2022-03-06 16:13:25', '2022-03-06 16:13:25'),
(335, NULL, 347, '2022-03-06 16:13:25', '2022-03-06 16:13:25'),
(336, NULL, 348, '2022-03-06 16:13:25', '2022-03-06 16:13:25'),
(337, NULL, 349, '2022-03-06 16:13:25', '2022-03-06 16:13:25'),
(338, NULL, 350, '2022-03-06 16:13:25', '2022-03-06 16:13:25'),
(339, NULL, 351, '2022-03-06 16:13:25', '2022-03-06 16:13:25'),
(340, NULL, 352, '2022-03-06 16:13:25', '2022-03-06 16:13:25'),
(341, NULL, 353, '2022-03-06 16:13:25', '2022-03-06 16:13:25'),
(342, NULL, 354, '2022-03-06 16:13:26', '2022-03-06 16:13:26'),
(343, NULL, 355, '2022-03-06 16:13:26', '2022-03-06 16:13:26'),
(344, NULL, 356, '2022-03-06 16:13:26', '2022-03-06 16:13:26'),
(345, NULL, 357, '2022-03-06 16:13:26', '2022-03-06 16:13:26'),
(346, NULL, 358, '2022-03-06 16:13:26', '2022-03-06 16:13:26'),
(347, NULL, 359, '2022-03-06 16:13:26', '2022-03-06 16:13:26'),
(348, NULL, 360, '2022-03-06 16:13:26', '2022-03-06 16:13:26'),
(349, NULL, 361, '2022-03-06 16:13:26', '2022-03-06 16:13:26'),
(350, NULL, 362, '2022-03-06 16:13:26', '2022-03-06 16:13:26'),
(351, NULL, 363, '2022-03-06 16:13:26', '2022-03-06 16:13:26'),
(352, NULL, 364, '2022-03-06 16:13:26', '2022-03-06 16:13:26'),
(353, NULL, 365, '2022-03-06 16:13:26', '2022-03-06 16:13:26'),
(354, NULL, 366, '2022-03-06 16:13:26', '2022-03-06 16:13:26'),
(355, NULL, 367, '2022-03-06 16:13:26', '2022-03-06 16:13:26'),
(356, NULL, 368, '2022-03-06 16:13:26', '2022-03-06 16:13:26'),
(357, NULL, 369, '2022-03-06 16:13:26', '2022-03-06 16:13:26'),
(358, NULL, 370, '2022-03-06 16:13:26', '2022-03-06 16:13:26'),
(359, NULL, 371, '2022-03-06 16:13:26', '2022-03-06 16:13:26'),
(360, NULL, 372, '2022-03-06 16:13:26', '2022-03-06 16:13:26'),
(361, NULL, 373, '2022-03-06 16:13:34', '2022-03-06 16:13:34'),
(362, NULL, 374, '2022-03-06 16:13:34', '2022-03-06 16:13:34'),
(363, NULL, 375, '2022-03-06 16:13:34', '2022-03-06 16:13:34'),
(364, NULL, 376, '2022-03-06 16:13:34', '2022-03-06 16:13:34'),
(365, NULL, 377, '2022-03-06 16:13:34', '2022-03-06 16:13:34'),
(366, NULL, 378, '2022-03-06 16:13:34', '2022-03-06 16:13:34'),
(367, NULL, 379, '2022-03-06 16:13:34', '2022-03-06 16:13:34'),
(368, NULL, 380, '2022-03-06 16:13:34', '2022-03-06 16:13:34'),
(369, NULL, 381, '2022-03-06 16:13:34', '2022-03-06 16:13:34'),
(370, NULL, 382, '2022-03-06 16:13:34', '2022-03-06 16:13:34'),
(371, NULL, 383, '2022-03-06 16:13:34', '2022-03-06 16:13:34'),
(372, NULL, 384, '2022-03-06 16:13:34', '2022-03-06 16:13:34'),
(373, NULL, 385, '2022-03-06 16:13:34', '2022-03-06 16:13:34'),
(374, NULL, 386, '2022-03-06 16:13:34', '2022-03-06 16:13:34'),
(375, NULL, 387, '2022-03-06 16:13:34', '2022-03-06 16:13:34'),
(376, NULL, 388, '2022-03-06 16:13:34', '2022-03-06 16:13:34'),
(377, NULL, 389, '2022-03-06 16:13:34', '2022-03-06 16:13:34'),
(378, NULL, 390, '2022-03-06 16:13:34', '2022-03-06 16:13:34'),
(379, NULL, 391, '2022-03-06 16:13:34', '2022-03-06 16:13:34'),
(380, NULL, 392, '2022-03-06 16:13:34', '2022-03-06 16:13:34'),
(381, NULL, 393, '2022-03-06 16:13:34', '2022-03-06 16:13:34'),
(382, NULL, 394, '2022-03-06 16:13:34', '2022-03-06 16:13:34'),
(383, NULL, 395, '2022-03-06 16:13:34', '2022-03-06 16:13:34'),
(384, NULL, 396, '2022-03-06 16:13:34', '2022-03-06 16:13:34');

-- --------------------------------------------------------

--
-- Table structure for table `tb_branchs`
--

CREATE TABLE `tb_branchs` (
  `branch_id` int(255) NOT NULL,
  `fac_id` int(255) DEFAULT NULL,
  `branch_name` varchar(100) NOT NULL,
  `created_at` timestamp NOT NULL DEFAULT current_timestamp(),
  `updated_at` timestamp NOT NULL DEFAULT current_timestamp()
) ENGINE=InnoDB DEFAULT CHARSET=utf8mb4 COLLATE=utf8mb4_general_ci;

--
-- Dumping data for table `tb_branchs`
--

INSERT INTO `tb_branchs` (`branch_id`, `fac_id`, `branch_name`, `created_at`, `updated_at`) VALUES
(0, NULL, '-', '2021-11-25 08:41:28', '2021-11-25 08:41:28'),
(1, 1, 'วิศวกรรมระบบเครื่องมือวัด (InSE)', '2021-06-23 16:47:57', '2022-03-05 14:11:31'),
(2, 2, 'วิทยาศาสตร์การอาหารและโภชนาการ (FSN)', '2021-06-23 16:47:57', '2021-06-23 16:47:57'),
(3, 2, 'เทคโนโลยีอุตสาหกรรมเกษตรและการจัดการ (FSM)', '2021-06-23 16:47:57', '2021-06-23 16:47:57'),
(4, 2, 'พัฒนาผลิตภัณฑ์อุตสาหกรรมเกษตร (APD)', '2021-06-23 16:47:57', '2021-06-23 16:47:57'),
(5, 2, 'นวัตกรรมและเทคโนโลยีการพัฒนาผลิตภัณฑ์ (IPD)', '2021-06-23 16:47:57', '2021-06-23 16:47:57'),
(6, 3, 'การจัดการอุตสาหกรรม (IMT)', '2021-06-23 16:47:57', '2021-11-26 12:27:12'),
(7, 3, 'การจัดการอุตสาหกรรม (SMIM)', '2021-06-23 16:47:57', '2021-06-23 16:47:57'),
(8, 3, 'เทคโนโลยีสารสนเทศ (IT)', '2021-06-23 16:47:57', '2021-11-24 17:39:07'),
(9, 3, 'เทคโนโลยีสารสนเทศ (ITI)', '2021-06-23 16:47:57', '2021-06-23 16:47:57'),
(10, 3, 'วิศวกรรมสารสนเทศและเครือข่าย (INE)', '2021-06-23 16:47:57', '2021-06-23 16:47:57'),
(11, 3, 'วิทยาการสารสนเทศประยุกต์ (MITM)', '2021-06-23 16:47:57', '2021-06-23 16:47:57'),
(12, 3, 'วิทยาการสารสนเทศประยุกต์ (SMITM)', '2021-06-23 16:47:57', '2021-06-23 16:47:57'),
(13, 3, 'คอมพิวเตอร์ช่วยออกแบบและบริหารงานก่อสร้าง (CA)', '2021-06-23 16:47:57', '2021-06-23 16:47:57'),
(14, 3, 'คอมพิวเตอร์ช่วยออกแบบและบริหารงานก่อสร้าง (CDM)', '2021-06-23 16:47:57', '2021-06-23 16:47:57'),
(15, 3, 'เทคโนโลยีเครื่องจักรกลเกษตร (ATM)', '2021-06-23 16:47:57', '2021-06-23 16:47:57'),
(16, 3, 'เทคโนโลยีเครื่องจักรกลเกษตร (TAM)', '2021-06-23 16:47:57', '2021-06-23 16:47:57'),
(17, 3, 'เทคโนโลยีเครื่องจักรกลเกษตร (TAT)', '2021-06-23 16:47:57', '2021-06-23 16:47:57'),
(18, 4, 'บริหารธุรกิจอุตสาหกรรมและการค้า (IBT)', '2021-06-23 16:47:57', '2021-06-23 16:47:57'),
(19, 4, 'บริหารธุรกิจอุตสาหกรรมและการค้า (IBTT)', '2021-06-23 16:47:57', '2021-06-23 16:47:57'),
(20, 4, 'บริหารธุรกิจอุตสาหกรรมและการค้า (MIBT)', '2021-06-23 16:47:57', '2021-06-23 16:47:57'),
(21, 4, 'บริหารธุรกิจอุตสาหกรรมและการค้า (SMIBT)', '2021-06-23 16:47:57', '2021-06-23 16:47:57');

-- --------------------------------------------------------

--
-- Table structure for table `tb_buildings`
--

CREATE TABLE `tb_buildings` (
  `building_id` int(255) NOT NULL,
  `building_name` varchar(100) NOT NULL,
  `building_gender` int(2) NOT NULL,
  `created_at` timestamp NOT NULL DEFAULT current_timestamp(),
  `updated_at` timestamp NOT NULL DEFAULT current_timestamp()
) ENGINE=InnoDB DEFAULT CHARSET=utf8mb4 COLLATE=utf8mb4_general_ci;

--
-- Dumping data for table `tb_buildings`
--

INSERT INTO `tb_buildings` (`building_id`, `building_name`, `building_gender`, `created_at`, `updated_at`) VALUES
(1, 'หอพักชาย', 0, '2021-06-23 16:47:30', '2022-03-07 03:41:31'),
(2, 'หอพักหญิง 1', 1, '2021-06-23 16:47:30', '2021-11-19 18:30:28'),
(3, 'หอพักหญิง 2', 1, '2021-06-23 16:47:30', '2021-11-19 18:30:22');

-- --------------------------------------------------------

--
-- Table structure for table `tb_facultys`
--

CREATE TABLE `tb_facultys` (
  `fac_id` int(255) NOT NULL,
  `fac_name` varchar(100) NOT NULL,
  `created_at` timestamp NOT NULL DEFAULT current_timestamp(),
  `updated_at` timestamp NOT NULL DEFAULT current_timestamp()
) ENGINE=InnoDB DEFAULT CHARSET=utf8mb4 COLLATE=utf8mb4_general_ci;

--
-- Dumping data for table `tb_facultys`
--

INSERT INTO `tb_facultys` (`fac_id`, `fac_name`, `created_at`, `updated_at`) VALUES
(1, 'วิศวกรรมศาสตร์', '2021-06-23 16:47:51', '2021-06-23 16:47:51'),
(2, 'อุตสาหกรรมเกษตร', '2021-06-23 16:47:51', '2021-11-24 14:38:07'),
(3, 'เทคโนโลยีและการจัดการอุตสาหกรรม', '2021-06-23 16:47:51', '2021-12-01 09:22:56'),
(4, 'บริหารธุรกิจและอุตสาหกรรมบริการ', '2021-06-23 16:47:51', '2021-06-23 16:47:51');

-- --------------------------------------------------------

--
-- Table structure for table `tb_familys`
--

CREATE TABLE `tb_familys` (
  `fam_id` int(255) NOT NULL,
  `std_id` int(255) NOT NULL,
  `fam_sex` smallint(2) NOT NULL,
  `fam_firstname` varchar(35) NOT NULL,
  `fam_lastname` varchar(35) NOT NULL,
  `fam_tel` varchar(15) NOT NULL,
  `fam_career` varchar(40) DEFAULT NULL,
  `fam_work_at` varchar(200) DEFAULT NULL,
  `fam_status` smallint(2) NOT NULL DEFAULT 1,
  `person_status` smallint(2) NOT NULL,
  `person_is` smallint(2) NOT NULL,
  `created_at` timestamp NOT NULL DEFAULT current_timestamp(),
  `updated_at` timestamp NOT NULL DEFAULT current_timestamp()
) ENGINE=InnoDB DEFAULT CHARSET=utf8mb4 COLLATE=utf8mb4_general_ci;

--
-- Dumping data for table `tb_familys`
--

INSERT INTO `tb_familys` (`fam_id`, `std_id`, `fam_sex`, `fam_firstname`, `fam_lastname`, `fam_tel`, `fam_career`, `fam_work_at`, `fam_status`, `person_status`, `person_is`, `created_at`, `updated_at`) VALUES
(1, 1, 0, 'สมชาย', 'ยิ่งยศ', '0987654312', 'พนักงานบริษัท', 'สำนักงานพัฒนาชุมชน อำเภอโนนสูง จังหวัดนครราชสีมา', 1, 1, 1, '2021-08-13 11:13:12', '2022-12-06 06:05:03'),
(2, 1, 2, 'สมหญิง', 'มิ้งหมาย', '0912345672', 'ข้าราชการ', 'ทิปโก้แอลฟัลท์ นครราชสีมา', 1, 2, 2, '2021-08-13 11:13:12', '2022-12-06 06:05:03'),
(5, 3, 0, 'เซเรฟ', 'ดรากูนีล', '0888888888', 'ค้าขาย', 'บ้าน', 1, 1, 1, '2022-03-05 14:13:05', '2022-03-05 14:13:05'),
(6, 3, 2, 'เอลซ่า', 'สกาเร็ต', '0999999999', 'ค้าขาย', 'บ้าน', 1, 2, 2, '2022-03-05 14:13:05', '2022-03-05 14:13:05'),
(7, 4, 0, 'การะแนห่เมาะ่แอ่', 'สง่างาม', '012345678', 'ประธานบริษัท', 'โรงงานผลิตชุดโกโกวา', 1, 1, 1, '2022-03-05 14:13:18', '2022-03-05 14:13:18'),
(8, 4, 2, 'คินิซือมีดา', 'สง่างาม', '0234567891', 'เลขาท่านนึง', 'โรงงานผลิตชุดโกโกวา', 1, 2, 2, '2022-03-05 14:13:18', '2022-03-05 14:13:18'),
(9, 5, 0, 'สมบูรณ์', 'ทักภิรมย์', '0816865451', 'รับจ้าง', 'บ้าน', 1, 1, 1, '2022-03-05 14:19:57', '2022-03-05 14:19:57'),
(10, 5, 2, 'สุวรรณา', 'ทักภิรมย์', '0896010255', 'รับจ้าง', 'สหรณ์บางน้ำเปรี้ยว', 1, 2, 2, '2022-03-05 14:19:57', '2022-03-05 14:19:57'),
(11, 6, 0, 'อติชาติ', 'สันตุน', '0915038969', 'พนักงานบริษัท', 'บริษัทเอสอาร์ จำกัด ชลบุรี', 1, 1, 1, '2022-03-05 15:09:46', '2022-03-05 15:09:46'),
(12, 6, 2, 'ดวงเดือน', 'สันตุน', '0952647340', 'พนักงานบริษัท', 'บริษัทเอสอาร์ จำกัด ชลบุรี', 1, 2, 2, '2022-03-05 15:09:46', '2022-03-05 15:09:46'),
(13, 7, 0, 'วิษณุ', 'ยมน้อย', '0863554032', 'พนักงานบริษัท', 'บริษัทอินเดลจำกัด มุกดาหาร', 1, 1, 1, '2022-03-05 15:49:52', '2022-03-05 15:49:52'),
(14, 7, 2, 'บุญจันทร์', 'บมน้อย', '0984457890', 'พนักงานบริษัท', 'บริษัทอินเดลจำกัด มุกดาหาร', 1, 2, 2, '2022-03-05 15:49:52', '2022-03-05 15:49:52'),
(15, 8, 0, 'สมัคร', 'หอมเย็น', '0958001470', 'เกษตรกรรม', 'บ้านถนนหัก บุรีรัมย์', 1, 1, 1, '2022-03-07 13:58:06', '2022-03-07 13:58:06'),
(16, 8, 2, 'ภัชรา', 'หอมเย็น', '0857769530', 'เกษตรกรรม', 'บ้านถนนหัก บุรีรัมย์', 1, 2, 2, '2022-03-07 13:58:06', '2022-03-07 13:58:06'),
(17, 9, 0, 'อำนวย', 'เนินสูง', '0863554031', 'เกษตรกรรม', 'หนองบัว ', 1, 1, 1, '2022-03-07 14:15:27', '2022-03-07 14:15:27'),
(18, 9, 2, 'จินนรี', 'เนินสูง', '0870695238', 'เกษตรกรรม', 'หนองบัว ', 1, 2, 2, '2022-03-07 14:15:27', '2022-03-07 14:15:27'),
(19, 10, 0, 'อำนาจ', 'การพาณิชย์', '0948812350', 'พนักงานราชการ', 'ที่ว่าการอำเภอเมืองจันทบุรี', 1, 1, 1, '2022-03-07 14:23:05', '2022-03-07 14:23:05'),
(20, 10, 2, 'สำรวย', 'การพาณิชย์', '0918775042', 'รับจ้างทั่วไป', 'ร้านซักรีด จันทบุรี', 1, 2, 2, '2022-03-07 14:23:05', '2022-03-07 14:23:05'),
(21, 11, 0, 'คำพุด', 'ณูพิมพ์', '0987725046', 'ก่อสร้าง', 'ก่อสร้างถนน นครนายก', 1, 1, 1, '2022-03-08 05:17:22', '2022-03-08 05:17:22'),
(22, 11, 2, 'ธัธธฎา', 'ณูพิมพ์', '0865447210', 'ก่อสร้าง', 'ก่อสร้างถนน นครนายก', 1, 2, 2, '2022-03-08 05:17:22', '2022-03-08 05:17:22'),
(25, 13, 0, 'นิธิภาค', 'หนูสูงเนิน', '0997413665', 'ธุรกิจส่วนตัว', 'ร้านอาหาร นครสวรรค์', 1, 1, 1, '2022-03-08 05:48:03', '2022-03-08 05:48:03'),
(26, 13, 2, 'ธัญพร', 'หนูสูงเนิน', '0987541138', 'ธุรกิจส่วนตัว', 'ร้านอาหาร นครสวรรค์', 1, 2, 2, '2022-03-08 05:48:03', '2022-03-08 05:48:03'),
(27, 14, 0, 'ธนธรรศ', 'บุดดีหงษ์', '0870498867', 'พนักงานบริษัท', 'บริษัทโคลเวอร์ พิจิตร จำกัด', 1, 1, 1, '2022-03-08 12:02:56', '2022-03-08 12:02:56'),
(28, 14, 2, 'นิธิสวดี', 'บุดดีหงษ์', '0968815571', 'พนักงานบริษัท', 'บริษัทโคลเวอร์ พิจิตร จำกัด', 1, 2, 2, '2022-03-08 12:02:56', '2022-03-08 12:02:56'),
(31, 16, 0, 'เชษฐ์นิธิสร์', 'ย้อมสี', '0910768841', 'พนักงานโรงงาน', 'โรงงานดีโปร มหาสารคาม', 1, 1, 1, '2022-03-08 12:34:41', '2022-03-08 12:34:41'),
(32, 16, 2, 'ภิญญ์ปภัค', 'ย้อมสี', '0951148892', 'พนักงานโรงงาน', 'โรงงานดีโปร มหาสารคาม', 1, 2, 2, '2022-03-08 12:34:41', '2022-03-08 12:34:41'),
(33, 17, 0, 'ชคธนัน', 'แป้นเมือง', '0927716835', 'พนักงานบริษัท', 'บริษัทสมทวีสินทรัพย์ สุพรรณบุรี', 1, 1, 1, '2022-03-08 12:42:50', '2022-03-08 12:42:50'),
(34, 17, 2, 'ปัณณ์พิตรา', 'แป้นเมือง', '0954223001', 'พนักงานบริษัท', 'บริษัทสมทวีสินทรัพย์ สุพรรณบุรี', 1, 2, 2, '2022-03-08 12:42:50', '2022-03-08 12:42:50'),
(35, 18, 0, 'เศรษฐภัทร', 'เชิดชูนวน', '0914332076', 'พนักงานโรงงาน', 'นิคมอุตสาหกรรม อุดรธานี', 1, 1, 1, '2022-03-08 12:54:51', '2022-03-08 12:54:51'),
(36, 18, 2, 'ธนินธิชา', 'เชิดชูนวน', '0986615029', 'พนักงานโรงงาน', 'นิคมอุตสาหกรรม อุดรธานี', 1, 2, 2, '2022-03-08 12:54:51', '2022-03-08 12:54:51'),
(37, 19, 0, 'ชยิน', 'วรโชติวาทิน', '-', 'รับจ้าง', '-', 1, 1, 1, '2022-03-09 06:37:48', '2022-03-09 06:37:48'),
(38, 19, 2, 'ปีวรา', 'วรโชติวาทิน', '0987985566', 'รับจ้าง', '-', 1, 2, 2, '2022-03-09 06:37:48', '2022-03-09 06:37:48'),
(39, 20, 0, 'ถวิต', 'พิชญเดชา', '0979874142', 'พนักงานบริษัท', 'บริษัท ฮาตาชิ จำกัด', 1, 1, 1, '2022-03-09 08:18:08', '2022-03-09 08:18:08'),
(40, 20, 2, 'ขยานี', 'พิชญเดชา', '0931982441', 'ขายของ', 'บ้าน', 1, 2, 2, '2022-03-09 08:18:08', '2022-03-09 08:18:08'),
(41, 21, 0, 'ปองพล', 'ธวัชพลังกร', '0925995452', 'รับจ้างทั่วไป', '-', 1, 1, 1, '2022-03-09 14:16:58', '2022-03-09 14:16:58'),
(42, 21, 2, 'บุญญาพร', 'ธวัชพลังกร', '0923995991', 'รับจ้างทั่วไป', '-', 1, 2, 2, '2022-03-09 14:16:58', '2022-03-09 14:16:58'),
(43, 22, 0, 'ชยพล', 'ภูสิทธ์อุดม', '0924666589', 'เกษตรกร', 'บ้าน', 1, 1, 1, '2022-03-09 14:29:36', '2022-03-09 14:29:36'),
(44, 22, 2, 'แพรพิไล', 'ภูสิทธ์อุดม', '0981599591', 'เกษตรกร', 'บ้าน', 1, 2, 2, '2022-03-09 14:29:36', '2022-03-09 14:29:36'),
(45, 23, 0, 'ตรีวิทย์', 'เจนกิจโสภณ', '0653895791', 'พนักงานบริษัท', 'บริษัท ลมโชย', 1, 1, 1, '2022-03-09 15:19:28', '2022-03-09 15:19:28'),
(46, 23, 2, 'ชมนาด', 'เจนกิจโสภณ', '0650590889', 'ค้าขาย', 'บ้าน', 1, 2, 2, '2022-03-09 15:19:28', '2022-03-09 15:19:28'),
(47, 27, 0, 'พรรวินท์', 'มหาเจริญศิลป์', '0616858262', 'ค้าขาย', 'บ้าน', 1, 1, 1, '2022-03-10 02:34:58', '2022-03-10 02:34:58'),
(48, 27, 2, 'แก้วขวัญ', 'มหาเจริญศิลป์', '0875643290', 'ค้าขาย', 'บ้าน', 1, 2, 2, '2022-03-10 02:34:58', '2022-03-10 02:34:58'),
(57, 32, 0, 'ดรัลพร', 'สิริโชติสุนทร', '-', '-', '-', 0, 1, 1, '2022-03-10 03:22:06', '2022-12-07 01:01:53'),
(58, 32, 2, 'ชมพูนุท', 'สิริโชติสุนทร', '-', '-', '-', 0, 2, 2, '2022-03-10 03:22:06', '2022-12-07 01:01:53'),
(63, 34, 0, 'นครา', 'มงคลวัชรกุล', '-', '-', '-', 0, 1, 1, '2022-03-10 03:38:04', '2022-03-10 03:38:04'),
(64, 34, 2, 'ปวิมล', 'มงคลวัชรกุล', '-', '-', '-', 0, 2, 2, '2022-03-10 03:38:04', '2022-03-10 03:38:04'),
(65, 34, 0, 'กิตติพร', 'มงคลวัชรกุล', '0658244792', NULL, NULL, 1, 3, 6, '2022-03-10 03:38:04', '2022-03-10 03:38:04'),
(66, 34, 2, 'เจนกิจ', 'มงคลวัชรกุล', '0658252897', NULL, NULL, 1, 4, 7, '2022-03-10 03:38:04', '2022-03-10 03:38:04'),
(79, 24, 1, 'asf', 'fsa', '095912592', '', 'saf', 1, 1, 1, '2022-03-12 15:42:59', '2022-03-12 15:46:04'),
(80, 24, 2, 'bbb', 'bbb', '098251285', '', 'fsa', 0, 0, 1, '2022-03-12 15:45:39', '2022-03-12 15:46:04');

-- --------------------------------------------------------

--
-- Table structure for table `tb_fixs`
--

CREATE TABLE `tb_fixs` (
  `fix_id` int(11) NOT NULL,
  `std_id` int(11) DEFAULT NULL,
  `fix_detail` text NOT NULL,
  `fix_area` varchar(256) DEFAULT NULL,
  `fix_status` smallint(2) NOT NULL DEFAULT 2,
  `created_at` timestamp NOT NULL DEFAULT current_timestamp(),
  `updated_at` timestamp NOT NULL DEFAULT current_timestamp()
) ENGINE=InnoDB DEFAULT CHARSET=utf8mb4 COLLATE=utf8mb4_general_ci;

--
-- Dumping data for table `tb_fixs`
--

INSERT INTO `tb_fixs` (`fix_id`, `std_id`, `fix_detail`, `fix_area`, `fix_status`, `created_at`, `updated_at`) VALUES
(1, 1, 'โต๊ะยาวขาหัก', 'ใต้หอชาย', 0, '2022-03-01 16:41:30', '2022-03-01 16:42:16'),
(3, 1, 'ประตูล็อกไม่ได้', 'E404 ชั้น 4 หอพักชาย', 0, '2023-01-04 08:16:42', '2023-01-04 14:37:03');

-- --------------------------------------------------------

--
-- Table structure for table `tb_floors`
--

CREATE TABLE `tb_floors` (
  `floor_id` int(255) NOT NULL,
  `building_id` int(255) NOT NULL,
  `floor_name` varchar(100) NOT NULL,
  `created_at` timestamp NOT NULL DEFAULT current_timestamp(),
  `updated_at` timestamp NOT NULL DEFAULT current_timestamp()
) ENGINE=InnoDB DEFAULT CHARSET=utf8mb4 COLLATE=utf8mb4_general_ci;

--
-- Dumping data for table `tb_floors`
--

INSERT INTO `tb_floors` (`floor_id`, `building_id`, `floor_name`, `created_at`, `updated_at`) VALUES
(1, 1, 'ชั้น 1', '2021-06-23 16:47:42', '2021-10-07 10:58:45'),
(2, 1, 'ชั้น 2', '2021-06-23 16:47:42', '2021-10-07 11:01:01'),
(3, 1, 'ชั้น 3', '2021-06-23 16:47:42', '2021-10-06 19:07:26'),
(4, 1, 'ชั้น 4', '2021-06-23 16:47:42', '2021-10-06 20:42:00'),
(5, 1, 'ชั้น 5', '2021-06-23 16:47:42', '2021-10-07 11:01:22'),
(6, 2, 'ชั้น 1', '2021-06-23 16:47:42', '2021-06-23 16:47:42'),
(7, 2, 'ชั้น 2', '2021-06-23 16:47:42', '2021-06-23 16:47:42'),
(8, 2, 'ชั้น 3', '2021-06-23 16:47:42', '2021-06-23 16:47:42'),
(9, 2, 'ชั้น 4', '2021-06-23 16:47:42', '2021-06-23 16:47:42'),
(10, 2, 'ชั้น 5', '2021-06-23 16:47:42', '2021-10-06 19:08:26'),
(11, 3, 'ชั้น 1', '2021-06-23 16:47:42', '2021-06-23 16:47:42'),
(12, 3, 'ชั้น 2', '2021-06-23 16:47:42', '2021-06-23 16:47:42'),
(13, 3, 'ชั้น 3', '2021-06-23 16:47:42', '2021-06-23 16:47:42'),
(14, 3, 'ชั้น 4', '2021-06-23 16:47:42', '2021-06-23 16:47:42'),
(15, 3, 'ชั้น 5', '2021-06-23 16:47:42', '2021-10-06 19:08:18');

-- --------------------------------------------------------

--
-- Table structure for table `tb_log_stdbook`
--

CREATE TABLE `tb_log_stdbook` (
  `log_id` int(11) NOT NULL,
  `std_citizen_number` varchar(14) NOT NULL,
  `std_fullname` varchar(120) NOT NULL,
  `roomBook` varchar(40) NOT NULL,
  `created_at` datetime NOT NULL DEFAULT current_timestamp(),
  `updated_at` datetime NOT NULL DEFAULT current_timestamp()
) ENGINE=InnoDB DEFAULT CHARSET=utf8mb4 COLLATE=utf8mb4_general_ci;

--
-- Dumping data for table `tb_log_stdbook`
--

INSERT INTO `tb_log_stdbook` (`log_id`, `std_citizen_number`, `std_fullname`, `roomBook`, `created_at`, `updated_at`) VALUES
(1, '1309902912821', 'ชิษณุพงศ์ ไชยหงษ์', 'E309, ชั้น 3, หอพักชาย', '2022-05-22 21:27:24', '2022-05-22 21:27:24'),
(3, '1309902912821', 'ชิษณุพงศ์ ไชยหงษ์', 'E404, ชั้น 4, หอพักชาย', '2023-01-04 15:02:27', '2023-01-04 15:02:27'),
(4, '1309902912821', 'ชิษณุพงศ์ ไชยหงษ์', 'E404, ชั้น 4, หอพักชาย', '2023-01-04 15:04:17', '2023-01-04 15:04:17');

-- --------------------------------------------------------

--
-- Table structure for table `tb_news`
--

CREATE TABLE `tb_news` (
  `news_id` int(255) NOT NULL,
  `news_header` varchar(200) NOT NULL,
  `news_link_img` text DEFAULT NULL,
  `news_link_main` text DEFAULT NULL,
  `created_at` timestamp NOT NULL DEFAULT current_timestamp(),
  `updated_at` timestamp NOT NULL DEFAULT current_timestamp()
) ENGINE=InnoDB DEFAULT CHARSET=utf8mb4 COLLATE=utf8mb4_general_ci;

--
-- Dumping data for table `tb_news`
--

INSERT INTO `tb_news` (`news_id`, `news_header`, `news_link_img`, `news_link_main`, `created_at`, `updated_at`) VALUES
(1, 'แจ้งรายชื่อคืนค่าธรรมเนียมหอพัก เทอม 2/2563', 'https://scontent.fnak3-1.fna.fbcdn.net/v/t39.30808-6/230416470_4445025982194625_2209175313587516729_n.jpg?_nc_cat=103&ccb=1-5&_nc_sid=0debeb&_nc_ohc=V9sulIV9ZZIAX9HI7ar&_nc_ht=scontent.fnak3-1.fna&oh=7ce1599a515eb7c6b5075b3e9f7f4907&oe=619BC7F6', 'https://www.facebook.com/media/set?vanity=225226107507988&set=a.4445028878861002', '2021-11-18 10:38:47', '2021-12-19 15:39:36'),
(2, 'ข้อปฏิบัติสำหรับนักศึกษาที่จะเข้าพักอาศัยหอพัก มจพ.ปราจีนบุรี', 'https://scontent.fnak3-1.fna.fbcdn.net/v/t39.30808-6/201648458_4439730502724173_6790846650173252622_n.jpg?_nc_cat=107&ccb=1-5&_nc_sid=0debeb&_nc_ohc=FTYCuWbARnMAX_ZlP4a&tn=s415-R5my2YCHhei&_nc_ht=scontent.fnak3-1.fna&oh=fe7ef2a374cc4a4206ecd5633f3428e9&oe=619BFB23', 'https://www.facebook.com/media/set?vanity=225226107507988&set=a.4439731072724116', '2021-11-18 10:39:10', '2021-12-19 15:39:28'),
(3, 'แบบฟอร์มจ่ายค่าธรรมเนียมหอพักภาคเรียน 1/2564', 'https://scontent.fnak3-1.fna.fbcdn.net/v/t1.6435-9/187033751_4238704356160123_1927512122548820499_n.jpg?_nc_cat=111&ccb=1-5&_nc_sid=0debeb&_nc_ohc=PruhZNNxwRQAX-cTcql&tn=s415-R5my2YCHhei&_nc_ht=scontent.fnak3-1.fna&oh=71ce8ada51f2f2dd20c22c5c2cd5e5d3&oe=61BB2715', 'https://www.facebook.com/media/set/?vanity=225226107507988&set=a.4238849449478947', '2021-11-18 10:41:32', '2021-11-28 16:21:33'),
(4, 'รายชื่อนักศึกษาหอพักชายลาออกจากหอพัก ได้รับเงินคืนค่าประกัน', 'https://scontent.fbkk5-5.fna.fbcdn.net/v/t39.30808-6/321029465_1118485472112411_4729261172160711737_n.jpg?_nc_cat=100&ccb=1-7&_nc_sid=0debeb&_nc_eui2=AeEuKzRDyyXIYl_QwmqUpgmmWaBqnFBPyFhZoGqcUE_IWPwCJ_EhqBYasqoO6RJfXMLG8y8ucZu46J3yCJMoF_fY&_nc_ohc=2QFQfuWStw8AX-jSjZF&tn=UsJ1EPTJK4oXSuLI&_nc_ht=scontent.fbkk5-5.fna&oh=00_AfAndbEEbWX52mju7CkWwZg5z1mIYaIy3zXztvtolgdCcQ&oe=63BAA89B', 'https://www.facebook.com/permalink.php?story_fbid=pfbid02wU65QfiZiUnXFkkny6baRVHSfnWhTFHsDU6FbCED6bQVvS1VHiEMmpPpENUtSp1Hl&id=100057105894506', '2023-01-04 12:20:13', '2023-01-04 12:27:07');

-- --------------------------------------------------------

--
-- Table structure for table `tb_rooms`
--

CREATE TABLE `tb_rooms` (
  `room_id` int(255) NOT NULL,
  `floor_id` int(255) NOT NULL,
  `room_name` varchar(10) NOT NULL,
  `room_member` smallint(2) NOT NULL,
  `room_status` smallint(2) NOT NULL DEFAULT 1,
  `created_at` timestamp NOT NULL DEFAULT current_timestamp(),
  `updated_at` timestamp NOT NULL DEFAULT current_timestamp()
) ENGINE=InnoDB DEFAULT CHARSET=utf8mb4 COLLATE=utf8mb4_general_ci;

--
-- Dumping data for table `tb_rooms`
--

INSERT INTO `tb_rooms` (`room_id`, `floor_id`, `room_name`, `room_member`, `room_status`, `created_at`, `updated_at`) VALUES
(6, 1, 'E103', 5, 0, '2022-03-06 06:02:09', '2022-03-12 17:38:12'),
(7, 1, 'E104', 5, 0, '2022-03-06 06:02:19', '2022-03-12 17:38:16'),
(8, 1, 'E105', 5, 0, '2022-03-06 06:02:29', '2022-03-12 17:38:21'),
(9, 1, 'E106', 5, 0, '2022-03-06 06:02:37', '2022-03-12 17:38:01'),
(10, 1, 'E107', 5, 0, '2022-03-06 06:02:46', '2022-03-12 17:38:26'),
(11, 1, 'E108', 5, 0, '2022-03-06 06:02:59', '2022-03-12 17:38:31'),
(12, 1, 'E109', 5, 0, '2022-03-06 06:03:06', '2022-03-12 17:37:55'),
(13, 2, 'E202', 5, 1, '2022-03-06 06:03:49', '2022-03-06 06:03:49'),
(14, 2, 'E203', 5, 1, '2022-03-06 06:03:59', '2022-03-06 06:03:59'),
(15, 2, 'E204', 5, 1, '2022-03-06 06:04:13', '2022-03-06 06:04:44'),
(16, 2, 'E205', 5, 1, '2022-03-06 06:04:25', '2022-03-06 06:04:52'),
(17, 2, 'E206', 5, 1, '2022-03-06 06:04:33', '2022-03-06 06:04:33'),
(18, 2, 'E207', 5, 1, '2022-03-06 06:05:11', '2022-03-06 06:05:11'),
(19, 2, 'E208', 5, 1, '2022-03-06 06:05:22', '2022-03-06 06:05:22'),
(20, 2, 'E209', 5, 1, '2022-03-06 06:05:32', '2022-03-06 06:05:32'),
(21, 2, 'E211', 5, 1, '2022-03-06 06:05:55', '2022-03-06 06:05:55'),
(22, 2, 'E212', 5, 1, '2022-03-06 06:06:06', '2022-03-06 06:06:06'),
(23, 2, 'E213', 5, 1, '2022-03-06 06:06:14', '2022-03-06 06:06:14'),
(24, 2, 'E214', 5, 1, '2022-03-06 06:06:26', '2022-03-06 06:06:26'),
(25, 2, 'E215', 5, 1, '2022-03-06 06:06:37', '2022-03-06 06:06:37'),
(26, 2, 'E216', 5, 1, '2022-03-06 06:06:46', '2022-03-06 06:06:46'),
(27, 2, 'E217', 5, 1, '2022-03-06 06:06:57', '2022-03-06 06:06:57'),
(28, 2, 'E218', 5, 1, '2022-03-06 06:07:07', '2022-03-06 06:07:07'),
(29, 2, 'E220', 5, 1, '2022-03-06 06:07:29', '2022-03-06 06:07:29'),
(30, 2, 'E221', 5, 1, '2022-03-06 06:07:39', '2022-03-06 06:07:39'),
(31, 2, 'E222', 5, 1, '2022-03-06 06:07:50', '2022-03-06 06:07:50'),
(32, 2, 'E223', 5, 1, '2022-03-06 06:07:58', '2022-03-06 06:07:58'),
(33, 2, 'E224', 5, 1, '2022-03-06 06:08:08', '2022-03-06 06:08:08'),
(34, 2, 'E225', 5, 1, '2022-03-06 06:08:21', '2022-03-06 06:08:21'),
(35, 2, 'E226', 5, 1, '2022-03-06 06:08:29', '2022-03-06 06:08:29'),
(36, 2, 'E227', 5, 1, '2022-03-06 06:08:37', '2022-03-06 06:08:37'),
(37, 2, 'E229', 5, 1, '2022-03-06 06:08:48', '2022-03-06 06:08:48'),
(38, 2, 'E230', 5, 1, '2022-03-06 06:08:58', '2022-03-06 06:08:58'),
(39, 2, 'E231', 5, 1, '2022-03-06 06:09:07', '2022-03-06 06:09:07'),
(40, 2, 'E232', 5, 1, '2022-03-06 06:09:19', '2022-03-06 06:09:19'),
(41, 2, 'E233', 5, 1, '2022-03-06 06:09:30', '2022-03-06 06:09:30'),
(42, 2, 'E234', 5, 1, '2022-03-06 06:09:38', '2022-03-06 06:09:38'),
(43, 2, 'E235', 5, 1, '2022-03-06 06:09:45', '2022-03-06 06:09:45'),
(44, 2, 'E236', 5, 1, '2022-03-06 06:09:54', '2022-03-06 06:09:54'),
(45, 3, 'E302', 5, 1, '2022-03-06 06:11:04', '2022-03-06 06:11:04'),
(46, 3, 'E303', 5, 1, '2022-03-06 06:11:12', '2022-03-06 06:11:12'),
(47, 3, 'E304', 5, 1, '2022-03-06 06:14:39', '2022-03-06 06:14:39'),
(48, 3, 'E305', 5, 1, '2022-03-06 06:14:55', '2022-03-06 06:14:55'),
(49, 3, 'E306', 5, 1, '2022-03-06 06:17:16', '2022-03-06 06:17:16'),
(50, 3, 'E307', 5, 1, '2022-03-06 06:17:53', '2022-03-06 06:17:53'),
(51, 3, 'E308', 5, 1, '2022-03-06 06:19:38', '2022-03-06 06:19:38'),
(52, 3, 'E309', 5, 1, '2022-03-06 06:19:48', '2022-03-06 06:19:48'),
(53, 3, 'E311', 5, 1, '2022-03-06 06:20:36', '2022-03-06 06:21:54'),
(54, 3, 'E312', 5, 1, '2022-03-06 06:22:09', '2022-03-06 06:22:09'),
(55, 3, 'E313', 5, 1, '2022-03-06 06:22:20', '2022-03-06 06:22:20'),
(56, 3, 'E314', 5, 1, '2022-03-06 06:22:34', '2022-03-06 06:22:34'),
(57, 3, 'E315', 5, 1, '2022-03-06 06:22:45', '2022-03-06 06:22:45'),
(58, 3, 'E316', 5, 1, '2022-03-06 06:22:54', '2022-03-06 06:22:54'),
(59, 3, 'E317', 5, 1, '2022-03-06 06:23:04', '2022-03-06 06:23:04'),
(60, 3, 'E318', 5, 1, '2022-03-06 06:23:13', '2022-03-06 06:23:13'),
(61, 3, 'E320', 5, 1, '2022-03-06 06:23:22', '2022-03-06 06:23:22'),
(62, 3, 'E321', 5, 1, '2022-03-06 06:23:31', '2022-03-06 06:23:31'),
(63, 3, 'E322', 5, 1, '2022-03-06 06:23:49', '2022-03-06 06:23:49'),
(64, 3, 'E323', 5, 1, '2022-03-06 06:24:07', '2022-03-06 06:24:07'),
(65, 3, 'E324', 5, 1, '2022-03-06 06:24:24', '2022-03-06 06:24:24'),
(66, 3, 'E325', 5, 1, '2022-03-06 06:24:36', '2022-03-06 06:24:36'),
(67, 3, 'E326', 5, 1, '2022-03-06 06:24:50', '2022-03-06 06:24:50'),
(68, 3, 'E327', 5, 1, '2022-03-06 06:25:01', '2022-03-06 06:25:01'),
(69, 3, 'E329', 5, 1, '2022-03-06 06:25:12', '2022-03-06 06:25:12'),
(70, 3, 'E330', 5, 1, '2022-03-06 06:25:21', '2022-03-06 06:25:21'),
(71, 3, 'E331', 5, 1, '2022-03-06 06:25:32', '2022-03-06 06:25:32'),
(72, 3, 'E332', 5, 1, '2022-03-06 06:25:44', '2022-03-06 06:25:44'),
(73, 3, 'E333', 5, 1, '2022-03-06 06:25:52', '2022-03-06 06:25:52'),
(74, 3, 'E334', 5, 1, '2022-03-06 06:26:06', '2022-03-06 06:26:06'),
(75, 3, 'E335', 5, 1, '2022-03-06 06:26:13', '2022-03-06 06:26:13'),
(76, 3, 'E336', 5, 1, '2022-03-06 06:26:21', '2022-03-06 06:26:21'),
(77, 4, 'E402', 5, 1, '2022-03-06 06:27:24', '2022-03-06 06:27:24'),
(78, 4, 'E403', 5, 1, '2022-03-06 06:27:33', '2022-03-06 06:27:33'),
(79, 4, 'E404', 5, 1, '2022-03-06 06:27:42', '2022-03-06 06:27:42'),
(80, 4, 'E405', 5, 1, '2022-03-06 06:27:53', '2022-03-06 06:27:53'),
(81, 4, 'E406', 5, 1, '2022-03-06 06:28:01', '2022-03-06 06:28:01'),
(82, 4, 'E407', 5, 1, '2022-03-06 06:28:10', '2022-03-06 06:28:10'),
(83, 4, 'E421', 5, 1, '2022-03-06 06:28:19', '2022-03-06 06:30:52'),
(84, 4, 'E408', 5, 1, '2022-03-06 06:28:30', '2022-03-06 06:28:30'),
(85, 4, 'E409', 5, 1, '2022-03-06 06:28:38', '2022-03-06 06:28:38'),
(86, 4, 'E411', 5, 1, '2022-03-06 06:28:47', '2022-03-06 06:28:47'),
(87, 4, 'E412', 5, 1, '2022-03-06 06:28:56', '2022-03-06 06:28:56'),
(88, 4, 'E413', 5, 1, '2022-03-06 06:29:05', '2022-03-06 06:29:05'),
(89, 4, 'E414', 5, 1, '2022-03-06 06:29:13', '2022-03-06 06:29:13'),
(90, 4, 'E415', 5, 1, '2022-03-06 06:29:21', '2022-03-06 06:29:21'),
(91, 4, 'E416', 5, 1, '2022-03-06 06:29:30', '2022-03-06 06:29:30'),
(92, 4, 'E417', 5, 1, '2022-03-06 06:29:40', '2022-03-06 06:29:40'),
(93, 4, 'E420', 5, 1, '2022-03-06 06:29:51', '2022-03-06 06:30:34'),
(94, 4, 'E418', 5, 1, '2022-03-06 06:30:01', '2022-03-06 06:30:01'),
(95, 4, 'E422', 5, 1, '2022-03-06 06:31:09', '2022-03-06 06:31:09'),
(96, 4, 'E423', 5, 1, '2022-03-06 06:31:21', '2022-03-06 06:31:21'),
(97, 4, 'E424', 5, 1, '2022-03-06 06:31:29', '2022-03-06 06:31:29'),
(98, 4, 'E425', 5, 1, '2022-03-06 06:31:38', '2022-03-06 06:31:38'),
(99, 4, 'E426', 5, 1, '2022-03-06 06:31:46', '2022-03-06 06:31:46'),
(100, 4, 'E427', 5, 1, '2022-03-06 06:31:54', '2022-03-06 06:31:54'),
(101, 5, 'E502', 5, 1, '2022-03-06 06:32:53', '2022-03-06 06:32:53'),
(102, 5, 'E503', 5, 1, '2022-03-06 06:33:02', '2022-03-06 06:33:02'),
(103, 5, 'E504', 5, 1, '2022-03-06 06:33:10', '2022-03-06 06:33:10'),
(104, 5, 'E505', 5, 1, '2022-03-06 06:33:17', '2022-03-06 06:33:17'),
(105, 5, 'E506', 5, 1, '2022-03-06 06:33:29', '2022-03-06 06:33:29'),
(106, 5, 'E507', 5, 1, '2022-03-06 06:33:39', '2022-03-06 06:33:39'),
(107, 5, 'E508', 5, 1, '2022-03-06 06:33:48', '2022-03-06 06:33:48'),
(108, 5, 'E509', 5, 1, '2022-03-06 06:33:59', '2022-03-06 06:33:59'),
(109, 5, 'E511', 5, 1, '2022-03-06 06:34:17', '2022-03-06 06:34:17'),
(110, 5, 'E512', 5, 1, '2022-03-06 06:34:26', '2022-03-06 06:34:26'),
(111, 5, 'E513', 5, 1, '2022-03-06 06:34:35', '2022-03-06 06:34:35'),
(112, 5, 'E514', 5, 1, '2022-03-06 06:34:43', '2022-03-06 06:34:43'),
(113, 5, 'E515', 5, 1, '2022-03-06 06:34:51', '2022-03-06 06:34:51'),
(114, 5, 'E516', 5, 1, '2022-03-06 06:35:01', '2022-03-06 06:35:01'),
(115, 5, 'E517', 5, 1, '2022-03-06 06:35:09', '2022-03-06 06:35:09'),
(116, 5, 'E518', 5, 1, '2022-03-06 06:35:26', '2022-03-06 06:35:26'),
(117, 5, 'E521', 5, 1, '2022-03-06 06:35:39', '2022-03-06 06:36:18'),
(118, 5, 'E520', 5, 1, '2022-03-06 06:35:58', '2022-03-06 06:35:58'),
(119, 5, 'E522', 5, 1, '2022-03-06 06:36:27', '2022-03-06 06:36:27'),
(120, 5, 'E523', 5, 1, '2022-03-06 06:36:34', '2022-03-06 06:36:34'),
(121, 5, 'E524', 5, 1, '2022-03-06 06:36:42', '2022-03-06 06:36:42'),
(122, 5, 'E525', 5, 1, '2022-03-06 06:36:50', '2022-03-06 06:36:50'),
(123, 5, 'E526', 5, 1, '2022-03-06 06:37:01', '2022-03-06 06:37:01'),
(124, 5, 'E527', 5, 1, '2022-03-06 06:37:09', '2022-03-06 06:37:09'),
(125, 1, 'E102', 5, 0, '2022-03-06 06:40:41', '2022-03-12 17:37:51'),
(126, 6, '1104', 4, 0, '2022-03-06 07:56:46', '2022-03-12 17:35:45'),
(127, 6, '1105', 4, 0, '2022-03-06 07:56:54', '2022-03-12 17:35:52'),
(128, 6, '1106', 4, 0, '2022-03-06 07:57:02', '2022-03-12 17:35:59'),
(129, 6, '1108', 4, 0, '2022-03-06 07:57:19', '2022-03-12 17:36:03'),
(130, 6, '1109', 4, 0, '2022-03-06 07:57:35', '2022-03-12 17:36:08'),
(131, 6, '1110', 4, 0, '2022-03-06 07:57:44', '2022-03-12 17:36:29'),
(132, 6, '1111', 4, 0, '2022-03-06 07:57:51', '2022-03-12 17:36:36'),
(133, 7, '1201', 4, 1, '2022-03-06 07:58:08', '2022-03-06 07:58:08'),
(134, 7, '1202', 4, 1, '2022-03-06 07:58:18', '2022-03-06 07:58:18'),
(135, 7, '1203', 4, 1, '2022-03-06 07:58:27', '2022-03-06 07:58:27'),
(136, 7, '1204', 4, 1, '2022-03-06 07:58:35', '2022-03-06 07:58:35'),
(137, 7, '1205', 4, 1, '2022-03-06 07:58:43', '2022-03-06 07:58:43'),
(138, 7, '1206', 4, 1, '2022-03-06 07:58:51', '2022-03-06 07:58:51'),
(139, 7, '1207', 4, 1, '2022-03-06 07:59:01', '2022-03-06 07:59:01'),
(140, 7, '1208', 4, 1, '2022-03-06 07:59:21', '2022-03-06 07:59:21'),
(141, 7, '1209', 4, 1, '2022-03-06 07:59:38', '2022-03-06 07:59:38'),
(142, 7, '1210', 4, 1, '2022-03-06 07:59:47', '2022-03-06 07:59:47'),
(143, 7, '1211', 4, 1, '2022-03-06 07:59:57', '2022-03-06 07:59:57'),
(144, 7, '1212', 4, 1, '2022-03-06 08:00:07', '2022-03-06 08:00:07'),
(145, 7, '1213', 4, 1, '2022-03-06 08:00:16', '2022-03-06 08:00:16'),
(146, 7, '1214', 4, 1, '2022-03-06 08:00:31', '2022-03-06 08:00:31'),
(147, 7, '1215', 4, 1, '2022-03-06 08:00:40', '2022-03-06 08:00:40'),
(148, 7, '1216', 4, 1, '2022-03-06 08:00:51', '2022-03-06 08:00:51'),
(149, 7, '1217', 4, 1, '2022-03-06 08:01:04', '2022-03-06 08:01:04'),
(150, 7, '1218', 4, 1, '2022-03-06 08:01:13', '2022-03-06 08:01:13'),
(151, 7, '1219', 4, 1, '2022-03-06 08:01:41', '2022-03-06 08:01:41'),
(152, 7, '1220', 4, 1, '2022-03-06 08:01:53', '2022-03-06 08:01:53'),
(153, 7, '1221', 4, 1, '2022-03-06 08:02:02', '2022-03-06 08:02:02'),
(154, 7, '1222', 4, 1, '2022-03-06 08:02:23', '2022-03-06 08:02:23'),
(155, 7, '1223', 4, 1, '2022-03-06 08:02:38', '2022-03-06 08:02:38'),
(156, 7, '1224', 4, 1, '2022-03-06 08:02:49', '2022-03-06 08:02:49'),
(157, 7, '1225', 4, 1, '2022-03-06 08:02:59', '2022-03-06 08:02:59'),
(158, 7, '1226', 4, 1, '2022-03-06 08:03:10', '2022-03-06 08:03:10'),
(159, 7, '1227', 4, 1, '2022-03-06 08:03:25', '2022-03-06 08:03:25'),
(160, 7, '1228', 4, 1, '2022-03-06 08:03:36', '2022-03-06 08:03:36'),
(161, 7, '1229', 4, 1, '2022-03-06 08:03:46', '2022-03-06 08:03:46'),
(162, 7, '1230', 4, 1, '2022-03-06 08:03:56', '2022-03-06 08:03:56'),
(163, 7, '1231', 4, 1, '2022-03-06 08:04:06', '2022-03-06 08:04:06'),
(164, 8, '1301', 4, 1, '2022-03-06 08:05:04', '2022-03-06 08:05:04'),
(165, 8, '1302', 4, 1, '2022-03-06 08:05:13', '2022-03-06 08:05:13'),
(166, 8, '1303', 4, 1, '2022-03-06 08:05:23', '2022-03-06 08:05:23'),
(167, 8, '1304', 4, 1, '2022-03-06 08:05:37', '2022-03-06 08:05:37'),
(168, 8, '1305', 4, 1, '2022-03-06 08:05:47', '2022-03-06 08:05:47'),
(169, 8, '1306', 4, 1, '2022-03-06 08:05:57', '2022-03-06 08:05:57'),
(170, 8, '1307', 4, 1, '2022-03-06 08:06:08', '2022-03-06 08:06:08'),
(171, 8, '1308', 4, 1, '2022-03-06 08:06:45', '2022-03-06 08:06:45'),
(172, 8, '1309', 4, 1, '2022-03-06 08:06:53', '2022-03-06 08:06:53'),
(173, 8, '1310', 4, 1, '2022-03-06 08:07:01', '2022-03-06 08:07:01'),
(174, 8, '1311', 4, 1, '2022-03-06 08:07:13', '2022-03-06 08:07:13'),
(175, 8, '1312', 4, 1, '2022-03-06 08:07:29', '2022-03-06 08:07:29'),
(176, 8, '1313', 4, 1, '2022-03-06 08:07:38', '2022-03-06 08:07:38'),
(177, 8, '1314', 4, 1, '2022-03-06 08:07:45', '2022-03-06 08:07:45'),
(178, 8, '1315', 4, 1, '2022-03-06 08:07:52', '2022-03-06 08:07:52'),
(179, 8, '1316', 4, 1, '2022-03-06 08:08:02', '2022-03-06 08:08:02'),
(180, 8, '1317', 4, 1, '2022-03-06 08:08:11', '2022-03-06 08:08:11'),
(181, 8, '1318', 4, 1, '2022-03-06 08:08:19', '2022-03-06 08:08:19'),
(182, 8, '1319', 4, 1, '2022-03-06 08:09:28', '2022-03-06 08:09:28'),
(183, 8, '1320', 4, 1, '2022-03-06 08:09:39', '2022-03-06 08:09:39'),
(184, 8, '1321', 4, 1, '2022-03-06 08:09:48', '2022-03-06 08:09:48'),
(185, 8, '1322', 4, 1, '2022-03-06 08:09:57', '2022-03-06 08:09:57'),
(186, 8, '1323', 4, 1, '2022-03-06 08:10:06', '2022-03-06 08:10:06'),
(187, 8, '1324', 4, 1, '2022-03-06 08:10:14', '2022-03-06 08:10:14'),
(188, 8, '1325', 4, 1, '2022-03-06 08:10:25', '2022-03-06 08:10:25'),
(189, 8, '1326', 4, 1, '2022-03-06 08:10:36', '2022-03-06 08:10:36'),
(190, 8, '1327', 4, 1, '2022-03-06 08:10:45', '2022-03-06 08:10:45'),
(191, 8, '1328', 4, 1, '2022-03-06 08:11:00', '2022-03-06 08:11:00'),
(192, 8, '1329', 4, 1, '2022-03-06 08:11:09', '2022-03-06 08:11:09'),
(193, 8, '1330', 4, 1, '2022-03-06 08:11:22', '2022-03-06 08:11:22'),
(194, 8, '1331', 4, 1, '2022-03-06 08:11:30', '2022-03-06 08:11:30'),
(195, 8, '1332', 4, 1, '2022-03-06 08:11:38', '2022-03-06 08:11:38'),
(196, 8, '1333', 4, 1, '2022-03-06 08:11:46', '2022-03-06 08:11:46'),
(197, 8, '1334', 4, 1, '2022-03-06 08:12:02', '2022-03-06 08:12:02'),
(198, 8, '1335', 4, 1, '2022-03-06 08:12:12', '2022-03-06 08:12:12'),
(199, 8, '1336', 4, 1, '2022-03-06 08:12:20', '2022-03-06 08:12:20'),
(200, 9, '1401', 4, 1, '2022-03-06 08:12:41', '2022-03-06 08:12:41'),
(201, 9, '1402', 4, 1, '2022-03-06 08:12:50', '2022-03-06 08:12:50'),
(202, 9, '1403', 4, 1, '2022-03-06 08:12:58', '2022-03-06 08:12:58'),
(203, 9, '1404', 4, 1, '2022-03-06 08:13:08', '2022-03-06 08:13:08'),
(204, 9, '1405', 4, 1, '2022-03-06 08:13:18', '2022-03-06 08:13:18'),
(205, 9, '1406', 4, 1, '2022-03-06 08:13:28', '2022-03-06 08:13:28'),
(206, 9, '1407', 4, 1, '2022-03-06 08:13:38', '2022-03-06 08:13:38'),
(207, 9, '1408', 4, 1, '2022-03-06 08:13:47', '2022-03-06 08:13:47'),
(208, 9, '1409', 4, 1, '2022-03-06 08:13:56', '2022-03-06 08:13:56'),
(209, 9, '1410', 4, 1, '2022-03-06 08:14:04', '2022-03-06 08:14:04'),
(210, 9, '1411', 4, 1, '2022-03-06 09:51:34', '2022-03-06 09:51:34'),
(211, 9, '1412', 4, 1, '2022-03-06 09:51:49', '2022-03-06 09:51:49'),
(212, 9, '1413', 4, 1, '2022-03-06 09:52:02', '2022-03-06 09:52:02'),
(213, 9, '1414', 4, 1, '2022-03-06 09:52:13', '2022-03-06 09:52:13'),
(214, 9, '1415', 4, 1, '2022-03-06 09:52:21', '2022-03-06 09:52:21'),
(215, 9, '1416', 4, 1, '2022-03-06 09:52:30', '2022-03-06 09:52:30'),
(216, 9, '1417', 4, 1, '2022-03-06 09:52:39', '2022-03-06 09:52:39'),
(217, 9, '1418', 4, 1, '2022-03-06 09:53:18', '2022-03-06 09:53:18'),
(218, 9, '1419', 4, 1, '2022-03-06 09:53:32', '2022-03-06 09:53:32'),
(219, 9, '1420', 4, 1, '2022-03-06 09:53:40', '2022-03-06 09:53:40'),
(220, 9, '1421', 4, 1, '2022-03-06 09:53:48', '2022-03-06 09:53:48'),
(221, 9, '1422', 4, 1, '2022-03-06 09:54:03', '2022-03-06 09:54:03'),
(222, 9, '1423', 4, 1, '2022-03-06 09:54:14', '2022-03-06 09:54:14'),
(223, 9, '1424', 4, 1, '2022-03-06 09:54:23', '2022-03-06 09:54:23'),
(224, 9, '1425', 4, 1, '2022-03-06 09:54:31', '2022-03-06 09:54:31'),
(225, 9, '1426', 4, 1, '2022-03-06 09:54:39', '2022-03-06 09:54:39'),
(226, 9, '1427', 4, 1, '2022-03-06 09:54:47', '2022-03-06 09:54:47'),
(227, 9, '1428', 4, 1, '2022-03-06 09:54:56', '2022-03-06 09:54:56'),
(228, 9, '1429', 4, 1, '2022-03-06 09:55:06', '2022-03-06 09:55:06'),
(229, 9, '1430', 4, 1, '2022-03-06 09:55:16', '2022-03-06 09:55:16'),
(230, 9, '1431', 4, 1, '2022-03-06 09:55:24', '2022-03-06 09:55:24'),
(231, 9, '1432', 4, 1, '2022-03-06 09:55:32', '2022-03-06 09:55:32'),
(232, 9, '1433', 4, 1, '2022-03-06 09:59:15', '2022-03-06 09:59:15'),
(233, 9, '1434', 4, 1, '2022-03-06 09:59:22', '2022-03-06 09:59:22'),
(234, 9, '1435', 4, 1, '2022-03-06 09:59:29', '2022-03-06 09:59:29'),
(235, 9, '1436', 4, 1, '2022-03-06 09:59:37', '2022-03-06 09:59:37'),
(236, 10, '1501', 4, 1, '2022-03-06 10:00:41', '2022-03-06 10:00:41'),
(237, 10, '1502', 4, 1, '2022-03-06 10:00:50', '2022-03-06 10:00:50'),
(238, 10, '1503', 4, 1, '2022-03-06 10:01:02', '2022-03-06 10:01:02'),
(239, 10, '1504', 4, 1, '2022-03-06 10:01:13', '2022-03-06 10:01:13'),
(240, 10, '1505', 4, 1, '2022-03-06 10:01:22', '2022-03-06 10:01:22'),
(241, 10, '1506', 4, 1, '2022-03-06 10:01:32', '2022-03-06 10:01:32'),
(242, 10, '1507', 4, 1, '2022-03-06 10:01:42', '2022-03-06 10:01:42'),
(243, 10, '1508', 4, 1, '2022-03-06 10:01:51', '2022-03-06 10:01:51'),
(244, 10, '1509', 4, 1, '2022-03-06 10:02:00', '2022-03-06 10:02:00'),
(245, 10, '1510', 4, 1, '2022-03-06 10:02:09', '2022-03-06 10:02:09'),
(246, 10, '1511', 4, 1, '2022-03-06 10:02:17', '2022-03-06 10:02:17'),
(247, 10, '1512', 4, 1, '2022-03-06 10:02:26', '2022-03-06 10:02:26'),
(248, 10, '1513', 4, 1, '2022-03-06 10:02:34', '2022-03-06 10:02:34'),
(249, 10, '1519', 4, 1, '2022-03-06 10:02:47', '2022-03-06 10:02:47'),
(250, 10, '1520', 4, 1, '2022-03-06 10:03:00', '2022-03-06 10:03:00'),
(251, 10, '1521', 4, 1, '2022-03-06 10:03:09', '2022-03-06 10:03:09'),
(252, 10, '1522', 4, 1, '2022-03-06 10:03:20', '2022-03-06 10:03:20'),
(253, 10, '1523', 4, 1, '2022-03-06 10:03:29', '2022-03-06 10:03:29'),
(254, 10, '1524', 4, 1, '2022-03-06 10:03:39', '2022-03-06 10:03:39'),
(255, 10, '1525', 4, 1, '2022-03-06 10:03:52', '2022-03-07 03:34:47'),
(256, 10, '1526', 4, 1, '2022-03-06 10:04:03', '2022-03-06 10:04:03'),
(257, 10, '1527', 4, 1, '2022-03-06 10:04:14', '2022-03-06 10:04:14'),
(258, 10, '1528', 4, 1, '2022-03-06 10:04:22', '2022-03-06 10:04:22'),
(259, 10, '1529', 4, 1, '2022-03-06 10:04:30', '2022-03-06 10:04:30'),
(260, 10, '1530', 4, 1, '2022-03-06 10:04:39', '2022-03-06 10:04:39'),
(261, 10, '1531', 4, 1, '2022-03-06 10:04:46', '2022-03-06 10:04:46'),
(262, 11, '2104', 4, 0, '2022-03-06 13:52:36', '2022-03-12 17:36:58'),
(263, 11, '2105', 4, 0, '2022-03-06 13:52:54', '2022-03-12 17:37:03'),
(264, 11, '2106', 4, 0, '2022-03-06 13:53:02', '2022-03-12 17:37:08'),
(265, 11, '2108', 4, 0, '2022-03-06 13:53:12', '2022-03-12 17:37:16'),
(266, 11, '2109', 4, 0, '2022-03-06 13:53:23', '2022-03-12 17:37:21'),
(267, 11, '2110', 4, 0, '2022-03-06 13:53:47', '2022-03-12 17:37:28'),
(268, 11, '2111', 4, 0, '2022-03-06 13:53:56', '2022-03-12 17:37:33'),
(269, 12, '2201', 4, 1, '2022-03-06 13:54:26', '2022-03-06 13:54:26'),
(270, 12, '2202', 4, 1, '2022-03-06 13:54:34', '2022-03-06 13:54:34'),
(271, 12, '2203', 4, 1, '2022-03-06 13:54:41', '2022-03-06 13:54:41'),
(272, 12, '2204', 4, 1, '2022-03-06 13:55:02', '2022-03-06 13:55:02'),
(273, 12, '2205', 4, 1, '2022-03-06 13:55:09', '2022-03-06 13:55:09'),
(274, 12, '2206', 4, 1, '2022-03-06 13:55:29', '2022-03-06 13:55:29'),
(275, 12, '2207', 4, 1, '2022-03-06 13:55:39', '2022-03-06 13:55:39'),
(276, 12, '2208', 4, 1, '2022-03-06 13:55:46', '2022-03-06 13:55:46'),
(277, 12, '2209', 4, 1, '2022-03-06 13:55:56', '2022-03-06 13:55:56'),
(278, 12, '2210', 4, 1, '2022-03-06 13:56:06', '2022-03-06 13:56:06'),
(279, 12, '2211', 4, 1, '2022-03-06 13:56:31', '2022-03-06 13:56:31'),
(280, 12, '2212', 4, 1, '2022-03-06 13:56:41', '2022-03-06 13:56:41'),
(281, 12, '2213', 4, 1, '2022-03-06 13:56:50', '2022-03-06 13:56:50'),
(282, 12, '2214', 4, 1, '2022-03-06 13:57:01', '2022-03-06 13:57:01'),
(283, 12, '2215', 4, 1, '2022-03-06 13:57:12', '2022-03-06 13:57:12'),
(284, 12, '2216', 4, 1, '2022-03-06 13:57:20', '2022-03-06 13:57:20'),
(285, 12, '2217', 4, 1, '2022-03-06 13:57:30', '2022-03-06 13:57:30'),
(286, 12, '2218', 4, 1, '2022-03-06 13:57:47', '2022-03-06 13:57:47'),
(287, 12, '2219', 4, 1, '2022-03-06 14:58:55', '2022-03-06 14:58:55'),
(288, 12, '2220', 4, 1, '2022-03-06 14:59:05', '2022-03-06 14:59:05'),
(289, 12, '2221', 4, 1, '2022-03-06 14:59:13', '2022-03-06 14:59:13'),
(290, 12, '2222', 4, 1, '2022-03-06 14:59:20', '2022-03-06 14:59:20'),
(291, 12, '2223', 4, 1, '2022-03-06 14:59:28', '2022-03-06 14:59:28'),
(292, 12, '2224', 4, 1, '2022-03-06 14:59:39', '2022-03-06 14:59:39'),
(293, 12, '2225', 4, 1, '2022-03-06 14:59:49', '2022-03-06 14:59:49'),
(294, 12, '2226', 4, 1, '2022-03-06 14:59:58', '2022-03-06 14:59:58'),
(295, 12, '2227', 4, 1, '2022-03-06 15:00:06', '2022-03-06 15:00:06'),
(296, 12, '2228', 4, 1, '2022-03-06 15:00:26', '2022-03-06 15:00:26'),
(297, 12, '2229', 4, 1, '2022-03-06 15:00:35', '2022-03-06 15:00:35'),
(298, 12, '2230', 4, 1, '2022-03-06 15:00:44', '2022-03-06 15:00:44'),
(299, 12, '2231', 4, 1, '2022-03-06 15:00:51', '2022-03-06 15:00:51'),
(300, 12, '2232', 4, 1, '2022-03-06 15:00:58', '2022-03-06 15:00:58'),
(301, 12, '2233', 4, 1, '2022-03-06 15:01:06', '2022-03-06 15:01:06'),
(302, 12, '2234', 4, 1, '2022-03-06 15:01:14', '2022-03-06 15:01:14'),
(303, 12, '2235', 4, 1, '2022-03-06 15:01:22', '2022-03-06 15:01:22'),
(304, 12, '2236', 4, 1, '2022-03-06 15:01:33', '2022-03-06 15:01:33'),
(305, 13, '2301', 4, 1, '2022-03-06 15:01:54', '2022-03-06 15:01:54'),
(306, 13, '2302', 4, 1, '2022-03-06 15:02:02', '2022-03-06 15:02:02'),
(307, 13, '2303', 4, 1, '2022-03-06 15:02:10', '2022-03-06 15:02:10'),
(308, 13, '2304', 4, 1, '2022-03-06 15:02:17', '2022-03-06 15:02:17'),
(309, 13, '2305', 4, 1, '2022-03-06 15:02:27', '2022-03-06 15:02:27'),
(310, 13, '2306', 4, 1, '2022-03-06 15:02:36', '2022-03-06 15:02:36'),
(311, 13, '2307', 4, 1, '2022-03-06 15:02:45', '2022-03-06 15:02:45'),
(312, 13, '2308', 4, 1, '2022-03-06 15:03:01', '2022-03-06 15:03:01'),
(313, 13, '2309', 4, 1, '2022-03-06 15:03:09', '2022-03-06 15:03:09'),
(314, 13, '2310', 4, 1, '2022-03-06 15:03:17', '2022-03-06 15:03:17'),
(315, 13, '2311', 4, 1, '2022-03-06 15:03:27', '2022-03-06 15:03:27'),
(316, 13, '2312', 4, 1, '2022-03-06 15:03:35', '2022-03-06 15:03:35'),
(317, 13, '2313', 4, 1, '2022-03-06 15:03:43', '2022-03-06 15:03:43'),
(318, 13, '2314', 4, 1, '2022-03-06 15:03:51', '2022-03-06 15:03:51'),
(319, 13, '2315', 4, 1, '2022-03-06 15:03:59', '2022-03-06 15:03:59'),
(320, 13, '2316', 4, 1, '2022-03-06 15:04:12', '2022-03-06 15:04:12'),
(321, 13, '2317', 4, 1, '2022-03-06 15:04:21', '2022-03-06 15:04:21'),
(322, 13, '2318', 4, 1, '2022-03-06 15:04:29', '2022-03-06 15:04:29'),
(323, 13, '2319', 4, 1, '2022-03-06 15:04:36', '2022-03-06 15:04:36'),
(324, 13, '2320', 4, 1, '2022-03-06 15:04:45', '2022-03-06 15:04:45'),
(325, 13, '2321', 4, 1, '2022-03-06 15:04:52', '2022-03-06 15:04:52'),
(326, 13, '2322', 4, 1, '2022-03-06 15:04:59', '2022-03-06 15:04:59'),
(327, 13, '2323', 4, 1, '2022-03-06 15:05:09', '2022-03-06 15:05:09'),
(328, 13, '2324', 4, 1, '2022-03-06 15:05:17', '2022-03-06 15:05:17'),
(329, 13, '2325', 4, 1, '2022-03-06 15:05:25', '2022-03-06 15:05:25'),
(330, 13, '2326', 4, 1, '2022-03-06 15:05:40', '2022-03-06 15:05:40'),
(331, 13, '2327', 4, 1, '2022-03-06 15:05:48', '2022-03-06 15:05:48'),
(332, 13, '2328', 4, 1, '2022-03-06 15:05:57', '2022-03-06 15:05:57'),
(333, 13, '2329', 4, 1, '2022-03-06 15:06:06', '2022-03-06 15:06:06'),
(334, 13, '2330', 4, 1, '2022-03-06 15:06:18', '2022-03-06 15:06:18'),
(335, 13, '2331', 4, 1, '2022-03-06 15:06:28', '2022-03-06 15:06:28'),
(336, 13, '2332', 4, 1, '2022-03-06 15:06:38', '2022-03-06 15:06:38'),
(337, 13, '2333', 4, 1, '2022-03-06 15:06:46', '2022-03-06 15:06:46'),
(338, 13, '2334', 4, 1, '2022-03-06 15:06:53', '2022-03-06 15:06:53'),
(339, 13, '2335', 4, 1, '2022-03-06 15:07:01', '2022-03-06 15:07:01'),
(340, 13, '2336', 4, 1, '2022-03-06 15:07:09', '2022-03-06 15:07:09'),
(341, 14, '2402', 4, 1, '2022-03-06 15:07:28', '2022-03-06 15:07:28'),
(342, 14, '2403', 4, 1, '2022-03-06 15:07:36', '2022-03-06 15:07:36'),
(343, 14, '2404', 4, 1, '2022-03-06 15:07:45', '2022-03-06 15:07:45'),
(344, 14, '2405', 4, 1, '2022-03-06 15:07:57', '2022-03-06 15:07:57'),
(345, 14, '2406', 4, 1, '2022-03-06 15:08:06', '2022-03-06 15:08:06'),
(346, 14, '2407', 4, 1, '2022-03-06 15:08:15', '2022-03-06 15:08:15'),
(347, 14, '2408', 4, 1, '2022-03-06 15:08:24', '2022-03-06 15:08:24'),
(348, 14, '2409', 4, 1, '2022-03-06 15:08:31', '2022-03-06 15:08:31'),
(349, 14, '2410', 4, 1, '2022-03-06 15:08:40', '2022-03-06 15:08:40'),
(350, 14, '2411', 4, 1, '2022-03-06 15:09:02', '2022-03-06 15:09:02'),
(351, 14, '2412', 4, 1, '2022-03-06 15:09:11', '2022-03-06 15:09:11'),
(352, 14, '2413', 4, 1, '2022-03-06 15:09:19', '2022-03-06 15:09:19'),
(353, 14, '2414', 4, 1, '2022-03-06 15:09:29', '2022-03-06 15:09:29'),
(354, 14, '2415', 4, 1, '2022-03-06 15:09:39', '2022-03-06 15:09:39'),
(355, 14, '2416', 4, 1, '2022-03-06 15:09:52', '2022-03-06 15:09:52'),
(356, 14, '2417', 4, 1, '2022-03-06 15:10:02', '2022-03-06 15:10:02'),
(357, 14, '2419', 4, 1, '2022-03-06 15:10:35', '2022-03-06 15:10:54'),
(358, 14, '2420', 4, 1, '2022-03-06 15:11:03', '2022-03-06 15:11:03'),
(359, 14, '2421', 4, 1, '2022-03-06 15:11:14', '2022-03-06 15:11:14'),
(360, 14, '2422', 4, 1, '2022-03-06 15:11:22', '2022-03-06 15:11:22'),
(361, 14, '2423', 4, 1, '2022-03-06 15:11:40', '2022-03-06 15:11:40'),
(362, 14, '2424', 4, 1, '2022-03-06 15:11:47', '2022-03-06 15:11:47'),
(363, 14, '2425', 4, 1, '2022-03-06 15:11:54', '2022-03-06 15:11:54'),
(364, 14, '2426', 4, 1, '2022-03-06 15:12:01', '2022-03-06 15:12:01'),
(365, 14, '2427', 4, 1, '2022-03-06 15:12:10', '2022-03-06 15:12:10'),
(366, 14, '2428', 4, 1, '2022-03-06 15:12:18', '2022-03-06 15:12:18'),
(367, 14, '2429', 4, 1, '2022-03-06 15:12:27', '2022-03-06 15:12:27'),
(368, 14, '2430', 4, 1, '2022-03-06 15:12:34', '2022-03-06 15:12:34'),
(369, 14, '2431', 4, 1, '2022-03-06 15:12:45', '2022-03-06 15:12:45'),
(370, 14, '2432', 4, 1, '2022-03-06 15:12:55', '2022-03-06 15:12:55'),
(371, 14, '2433', 4, 1, '2022-03-06 15:13:03', '2022-03-06 15:13:03'),
(372, 14, '2434', 4, 1, '2022-03-06 15:13:10', '2022-03-06 15:13:10'),
(373, 15, '2501', 4, 1, '2022-03-06 15:13:29', '2022-03-06 15:13:29'),
(374, 15, '2502', 4, 1, '2022-03-06 15:13:36', '2022-03-06 15:13:36'),
(375, 15, '2503', 4, 1, '2022-03-06 15:13:46', '2022-03-06 15:13:46'),
(376, 15, '2504', 4, 1, '2022-03-06 15:13:54', '2022-03-06 15:13:54'),
(377, 15, '2505', 4, 1, '2022-03-06 15:14:02', '2022-03-06 15:14:02'),
(378, 15, '2506', 4, 1, '2022-03-06 15:14:13', '2022-03-06 15:14:13'),
(379, 15, '2507', 4, 1, '2022-03-06 15:14:23', '2022-03-06 15:14:23'),
(380, 15, '2508', 4, 1, '2022-03-06 15:14:30', '2022-03-06 15:14:30'),
(381, 15, '2509', 4, 1, '2022-03-06 15:14:38', '2022-03-06 15:14:38'),
(382, 15, '2510', 4, 1, '2022-03-06 15:14:47', '2022-03-06 15:14:47'),
(383, 15, '2511', 4, 1, '2022-03-06 15:14:55', '2022-03-06 15:14:55'),
(384, 15, '2512', 4, 1, '2022-03-06 15:15:05', '2022-03-06 15:15:05'),
(385, 15, '2513', 4, 1, '2022-03-06 15:15:16', '2022-03-06 15:15:16'),
(386, 15, '2514', 4, 1, '2022-03-06 15:15:24', '2022-03-06 15:15:24'),
(387, 15, '2515', 4, 1, '2022-03-06 15:15:35', '2022-03-06 15:15:35'),
(388, 15, '2516', 4, 1, '2022-03-06 15:15:45', '2022-03-06 15:15:45'),
(389, 15, '2517', 4, 1, '2022-03-06 15:15:54', '2022-03-06 15:15:54'),
(390, 15, '2518', 4, 1, '2022-03-06 15:16:06', '2022-03-06 15:16:06'),
(391, 15, '2519', 4, 1, '2022-03-06 15:16:17', '2022-03-06 15:16:17'),
(392, 15, '2520', 4, 1, '2022-03-06 15:16:31', '2022-03-06 15:16:31'),
(393, 15, '2521', 4, 1, '2022-03-06 15:16:39', '2022-03-06 15:16:39'),
(394, 15, '2522', 4, 1, '2022-03-06 15:16:48', '2022-03-06 15:16:48'),
(395, 15, '2523', 4, 1, '2022-03-06 15:16:55', '2022-03-06 15:16:55'),
(396, 15, '2524', 4, 1, '2022-03-06 15:17:02', '2022-03-06 15:17:02'),
(397, 7, '1232', 4, 1, '2022-03-06 15:44:04', '2022-03-06 15:44:04'),
(398, 7, '1233', 4, 1, '2022-03-06 15:44:14', '2022-03-06 15:44:14'),
(399, 7, '1234', 4, 1, '2022-03-06 15:44:22', '2022-03-06 15:44:22'),
(400, 7, '1235', 4, 1, '2022-03-06 15:44:30', '2022-03-06 15:44:30'),
(401, 7, '1236', 4, 1, '2022-03-06 15:44:38', '2022-03-06 15:44:38');

-- --------------------------------------------------------

--
-- Table structure for table `tb_status`
--

CREATE TABLE `tb_status` (
  `status_id` int(11) NOT NULL,
  `status_name` varchar(100) NOT NULL,
  `status_date_start` varchar(20) DEFAULT NULL,
  `status_date_stop` varchar(20) DEFAULT NULL,
  `status_switch` smallint(2) NOT NULL DEFAULT 1,
  `created_at` timestamp NOT NULL DEFAULT current_timestamp(),
  `update_at` timestamp NOT NULL DEFAULT current_timestamp()
) ENGINE=InnoDB DEFAULT CHARSET=utf8mb4 COLLATE=utf8mb4_general_ci;

--
-- Dumping data for table `tb_status`
--

INSERT INTO `tb_status` (`status_id`, `status_name`, `status_date_start`, `status_date_stop`, `status_switch`, `created_at`, `update_at`) VALUES
(1, 'system_book', '01/09/2023', '01/13/2023', 1, '2021-07-31 16:43:43', '2023-01-04 14:27:52'),
(2, 'system_register', NULL, NULL, 1, '2021-11-30 13:30:48', '2023-01-04 12:13:17'),
(3, 'system_main', NULL, NULL, 0, '2021-11-30 13:30:48', '2023-01-04 12:15:40');

-- --------------------------------------------------------

--
-- Table structure for table `tb_students`
--

CREATE TABLE `tb_students` (
  `std_id` int(11) NOT NULL,
  `branch_id` int(11) DEFAULT NULL,
  `room_id` int(11) DEFAULT NULL,
  `std_status` smallint(2) NOT NULL,
  `std_username` varchar(255) NOT NULL,
  `std_password` varchar(255) NOT NULL,
  `std_salt` varchar(30) NOT NULL,
  `std_sex` smallint(2) NOT NULL,
  `std_firstname` varchar(35) NOT NULL,
  `std_lastname` varchar(35) NOT NULL,
  `std_nickname` varchar(20) NOT NULL,
  `std_address` text NOT NULL,
  `std_idcard` varchar(15) NOT NULL,
  `std_blood` smallint(2) NOT NULL,
  `std_religion` smallint(2) NOT NULL,
  `std_birthday` date NOT NULL,
  `std_id_student` varchar(15) DEFAULT NULL,
  `std_tel` varchar(15) NOT NULL,
  `std_email` varchar(50) NOT NULL,
  `std_edu_academy` varchar(50) NOT NULL,
  `std_edu_degree` smallint(2) NOT NULL,
  `std_edu_comple` varchar(50) NOT NULL,
  `std_sponsor` smallint(2) NOT NULL,
  `std_howmuch` int(10) NOT NULL,
  `created_at` timestamp NOT NULL DEFAULT current_timestamp(),
  `updated_at` timestamp NOT NULL DEFAULT current_timestamp()
) ENGINE=InnoDB DEFAULT CHARSET=utf8mb4 COLLATE=utf8mb4_general_ci;

--
-- Dumping data for table `tb_students`
--

INSERT INTO `tb_students` (`std_id`, `branch_id`, `room_id`, `std_status`, `std_username`, `std_password`, `std_salt`, `std_sex`, `std_firstname`, `std_lastname`, `std_nickname`, `std_address`, `std_idcard`, `std_blood`, `std_religion`, `std_birthday`, `std_id_student`, `std_tel`, `std_email`, `std_edu_academy`, `std_edu_degree`, `std_edu_comple`, `std_sponsor`, `std_howmuch`, `created_at`, `updated_at`) VALUES
(1, 8, NULL, 0, 'ChitsanuphongChaihong', '0fbcc6c9b284f8d28342a2fc5d201fb579cc1b5151f61af45857b4502de8d98a', 'VF55rRam5CMKLcZHSCAKJ-)', 0, 'ชิษณุพงศ์', 'ไชยหงษ์', 'หมูแฮม', '448 ม.9 ต.สุรนารี อ.เมืองนครราชสีมา จ.นครราชสีมา 30000', '1309902912821', 3, 0, '2001-11-02', '6306021621138', '0961514591', '6306021621138@fitm.kmutnb.ac.th', 'วิทยาลัยเทคนิคนครราชสีมา', 3, '2563', 10, 3800, '2021-12-23 15:41:33', '2023-01-04 08:14:46'),
(3, 8, 79, 0, 'Oranong_Boonpipat', '4afd7660ae9ebc6b88a52af4aec275350ff789145a133fbe2c7049dc38a8c50e', 'L-9rg2BxRxrQQtTdwixr@cR##U5', 1, 'อรอนงค์', 'บุญพิพัฒน์', 'การ์ตูน', '47 ม.5 ต.ท่าทองหลาง อ.บางคล้า จ.ฉะเชิงเทรา 24110', '1249900651647', 2, 0, '2002-05-13', '6306021621090', '0820726260', 'Oranongboonpipat@gmail.com', 'ดัดดรุณี', 1, '2562', 10, 4, '2022-03-05 14:13:05', '2022-03-05 14:13:05'),
(4, 8, 79, 0, 'mupmii', 'f90ecfd3d142d16de0439280ce8ff4acbcf26071dc417ef3f3c843eb0949dbff', 'Sk#2c@+NWi+kFYem#f#kv#Nrmmuf', 1, 'พรธิดา', 'สง่างาม', 'มะปราง', '324/4-5 ม.- ซ.วงศ์สว่าง21 ถ.วงศ์สว่าง ต.วงศ์สว่าง อ.บางซื่อ จ.กรุงเทพมหานคร 10800', '1129901704143', 1, 0, '2002-02-18', '6306021611078', '0955743753', 'mapang18021@gmail.com', 'โรงเรียนวัดเขมาภิรตาราม', 1, '2560', 10, 15000, '2022-03-05 14:13:18', '2022-03-05 14:13:18'),
(5, 8, 79, 0, 'junear', '1766e3b066581f2f5458817867626f9520bbc9ff7595a79a27c17be021fe59bd', 'KRJG@(hDS-FnV6f6tUBJD7P', 0, 'สุนิสา', 'ทักภิรมย์', 'จูเนียร์', '1/1 ม.7 ต.บางโรง อ.คลองเขื่อน จ.ฉะเชิงเทรา 24000', '1249900657311', 2, 0, '2002-07-05', '6306021621103', '0952360563', 'Nomkll.09@gmail.com', 'ดัดดรุณี', 1, '2562', 10, 10, '2022-03-05 14:19:57', '2022-03-05 14:28:52'),
(6, 6, NULL, 0, 'Suphatsara', '1784bedbd559019e796b4d1c032e4e80b42f7de203b9f6b513c6f3f5b3f37615', 'js7L3Z3FvW9Umm1f56A39i-', 1, 'สุภัสสรา', 'สันตุน', 'เฟิร์น', '79/2 หมู่บ้านป่าซอง ม.9 ต.ตาพระยา อ.ตาพระยา จ.สระแก้ว 27180', '1209000031587', 2, 0, '2003-09-07', '65', '0803015210', 'suphatsara@gmail.com', 'โรงเรียนทัพราชวิทยา', 2, '2564', 10, 7800, '2022-03-05 15:09:46', '2022-03-09 03:53:08'),
(7, 18, NULL, 0, 'fasai', '98c66c9bb4aae0762def4c46b2cae87548c8055cb595ff4a90b811b55830da02', 'T8nhe-)Dd2Fr-8ViwnvT+-WNzmm', 1, 'ฟ้าใส', 'ยมน้อย', 'ฟ้า', '900/4 หมู่บ้านกุดเวียน ม.5 ต.โคกไทย อ.ศรีมโหสถ จ.ปราจีนบุรี 25190', '1208028383451', 0, 0, '2002-10-10', '6306021021542', '0986723310', 'Fasai@gmail.com', 'โรงเรียนศรีมโหสถ', 1, '2562', 10, 6500, '2022-03-05 15:49:52', '2022-03-05 15:49:52'),
(8, 13, NULL, 0, 'krisorn', '00e544da5990acaa3d4ce21ac035a1568ffe7895e89b9428606e49907ee9af16', '9F*neq3yxi)xdYQgp(VR1SS-8jcA(', 0, 'ไกรศร', 'หอมเย็น', 'เต๋า', '180/6 ม.11 ต.ถนนหัก อ.นางรอง จ.บุรีรัมย์ 31110', '1279841130', 3, 0, '2001-02-15', '6406021027761', '0964108560', 'krisorn@gmail.com', 'โรงเรียนบ้านถนนหัก', 1, '2561', 10, 8900, '2022-03-07 13:58:06', '2022-03-07 13:58:06'),
(9, 1, NULL, 0, 'sinprasit', 'a3f537aab376cc2aeafbd9fb4f5fd65d7afc0a5269519966a0ceb94887560b87', 'B3+#acX-sP7T7CGh-5VLwFu', 0, 'สินประสิทธิ์', 'เนินสูง', 'สาม', '12/3 ม.19 ต.หนองบัว อ.เมืองกาญจนบุรี จ.กาญจนบุรี 71190', '1279841188230', 3, 0, '2003-03-06', '65', '0918025547', 'sinprasit@gmail.com', 'โรงเรียนหนองบัว', 1, '2564', 10, 7500, '2022-03-07 14:15:27', '2022-03-09 03:52:52'),
(10, 2, 79, 0, 'Bannida', '3330a2191f2527801f5bec0804fc53d78d88979f6120f617b442012aff21c589', 'd#h1kAY-a%XssQv7tALr', 1, 'บรรณิดา', 'การพาณิชย์', 'ฝน', '100/9 ม.7 ต.ท่าช้าง อ.เมืองจันทบุรี จ.จันทบุรี 22000', '1208000052417', 2, 0, '2004-01-02', '65', '0910467086', 'Bannida@gmail.com', 'โรงเรียนบ้านท่าช้าง', 1, '2564', 10, 5200, '2022-03-07 14:23:05', '2022-03-09 03:52:42'),
(11, 19, NULL, 0, 'thatsika', 'ca13ffef08c28247fa33e3d2ea2e5c90313b48e7313f6f006ca84ec648e9d064', '%*rEgub9vhX)kd@iP6A6FjC3kb@G', 1, 'ทัศศิกา', 'ณูพิมพ์', 'แก้ม', '37/2 หมู่บ้านท่ากว้าง ม.8 ต.ปากพลี อ.ปากพลี จ.นครนายก 26130', '1279800028591', 2, 0, '2002-06-15', '6306021021082', '0894771058', 'thatsika@gmail.com', 'โรงเรียนบ้านท่ากว้าง', 1, '2562', 10, 8400, '2022-03-08 05:17:22', '2022-03-08 05:17:22'),
(13, 10, NULL, 0, 'Thanabode', '6044dfbfd738d797fc747bfc689bc2cf2b16adc633d004466a345e615cbece48', 'wDgTA-jZY4iY6k@aCa24gPFssb', 0, 'ธนบดี', 'หนูสูงเนิน', 'กรณ์', '182/7 หมู่บ้านท่าเตียน ม.6 ต.ท่าไม้ อ.ชุมแสง จ.นครสวรรค์ 60120', '1208000054796', 0, 0, '2004-01-17', '65', '0978610023', 'thanabode@gmail.com', 'โรงเรียนบ้นท่าเตียน', 2, '2564', 10, 5500, '2022-03-08 05:48:03', '2022-03-09 03:52:34'),
(14, 4, NULL, 0, 'angkawipha', '48fe98be2ef602078b01001fba1a739b1b965d39b5f1c2ee568edd58cd02ba6d', 'tCQ9@fT9*Len4kXv9sSQq9)W', 1, 'อังควิภา', 'บุดดีหงษ์', 'กอหญ้า', '81/3 หมู่บ้านวังจันทร์ ม.1 ต.เมืองเก่า อ.เมืองพิจิตร จ.พิจิตร 66000', '1279500041899', 2, 0, '2003-11-27', '65', '0935478820', 'Angkawipha@gmail.com', 'โรงเรียนบ้านวังจันทร์', 1, '2564', 10, 4900, '2022-03-08 12:02:56', '2022-03-09 03:52:23'),
(16, 1, NULL, 0, 'thanawadee', 'd754b235dae72e6e4ecda717ddd4ddf3296a0644500edb0cd59d2aa060397a47', 'x2VFjpMp6eL)mKhM2CU*CTut', 1, 'ธนาวดี', 'ย้อมสี', 'ปาล์ม', '222/7 หมู่บ้านท่าขอนยาง ม.10 ต.ท่าขอนยาง อ.กันทรวิชัย จ.มหาสารคาม 44150', '1208000041236', 0, 0, '2005-01-02', '65', '0946821130', 'thanawadee@gmail.com', 'โรงเรียนท่าขอนยางพิทยาคม', 1, '2564', 10, 7000, '2022-03-08 12:34:41', '2022-03-09 03:50:11'),
(17, 17, NULL, 0, 'thanicha', '71d03fbd69289a54ac08136c49863629fe7a4db30bd19d82c63e3a9a53e73e18', 'PM#DjP@6M-VmYhZriq@2VTih', 1, 'ธนิฌาณ์', 'แป้นเมือง', 'กุ้ง', '89 หมู่บ้านบางสาม ม.5 ต.บางเลน อ.สองพี่น้อง จ.สุพรรณบุรี 72110', '1279843360811', 2, 0, '2004-10-12', '65', '0952796643', 'thanicha@gmail.com', 'โรงเรียนบางเลนวิทยา', 2, '2564', 10, 4300, '2022-03-08 12:42:50', '2022-03-09 03:50:02'),
(18, 19, NULL, 0, 'Kamonphasu', '863adf0b604f145b0cbc6bee36f91c8e0ca83e2a299495f286405dd5e1535ac0', '@GQQzSkiuV1-kJ@qh6Pe', 0, 'กมลพสุ', 'เชิดชูนวน', 'ฟอนต์', '97/6 หมู่บ้านกุดสระ ม.4 ต.กุดสระ อ.เมืองอุดรธานี จ.อุดรธานี 41000', '1279800058791', 1, 0, '2001-07-15', '6406021028841', '0986107830', 'Kamonphasu@gmail.com', 'โรงเรียนอุดรธานีพิทยาคม', 1, '2563', 10, 5300, '2022-03-08 12:54:51', '2022-03-08 12:54:51'),
(19, 1, NULL, 0, 'GongChiia', '7c5204a476a9a2ea2e56ef2ae5191414aff2368c3f46c49e8777fc25496bdf3a', 'BevdBAs3ugUFUbB7N+rDNZiwb', 0, 'การันต์', 'วรโชติวาท', 'กองเชียร์', '225 หมู่บ้านทรัพย์ธานี กรีนวิลล์ ม.8 ถ.สายนาพร้าว-หนองบัวแดง ต.ตาขัน อ.บ้านค่าย จ.ระยอง 21120', '1210521120651', 0, 0, '2002-01-06', '65', '0612959878', 'gongchiia@gmail.com', 'โรงเรียนบ้านค่าย', 1, '64', 10, 10, '2022-03-09 06:37:48', '2022-03-09 06:37:48'),
(20, 2, NULL, 0, 'Gangfoo', 'edc5e528d7e01ac48f31ebdeb99d420ee71500a332db9cc6fb0761562e89ba40', 'fMxuM9f(S75f#e4E(RMP17sRC)', 0, 'กิตติ', 'พิชญเดชา', 'กังฟู', '3144 หมู่บ้านบ้านนคราทรัพย์ ม.11 ถ.สุขุมวิท ต.เหมือง อ.เมืองชลบุรี จ.ชลบุรี 20130', '1202001201305', 1, 0, '2003-01-11', '65', '0649519952', 'gangfoo@gmail.com', 'โรงเรียนชลกันยานุกูล', 1, '2564', 10, 13000, '2022-03-09 08:18:08', '2022-03-09 08:18:08'),
(21, 6, NULL, 0, 'Captain', '394ebd6723979fdfbdee897a1eb675005fe29668e9a8574eaf8f87d22542185c', '2@FWkvTqaT#snHGMVW5e)gYkNGKiu', 0, 'จิรโชติ', 'ธวัชพลังกร', 'กัปตัน', '2051 หมู่บ้านสราญสิริ ชัยพฤกษ์ แจ้งวัฒนะ ม.45 ต.คลองข่อย อ.ปากเกร็ด จ.นนทบุรี 11120', '1206111206503', 2, 0, '2003-02-18', '65', '0924455994', 'captain@gmail.com', 'วิทยาลัยเทคนิคนนทบุรี', 3, '2564', 10, 15000, '2022-03-09 14:16:58', '2022-03-09 14:16:58'),
(22, 8, NULL, 0, 'Kaaohom', 'a9b335dd9767315b916cc99d104422ee3430675c03a1c6f8ad402c0ab0ba1c45', 'CPKXwS@%5a5FqKecARwEccbH2', 1, 'กนกพร', 'ภูสิทธ์อุดม', 'ข้าวหอม', '31 หมู่บ้านบ้านประชาสุข5 ม.34 ถ.ศุขประยูร ต.บางตีนเป็ด อ.เมืองฉะเชิงเทรา จ.ฉะเชิงเทรา 24000', '1249900730477', 3, 0, '2003-03-08', '65', '0901555983', 'kaaohom@gmail.com', 'โรงเรียนเบญจมราชรังสฤษดิ์', 1, '2564', 11, 12000, '2022-03-09 14:29:36', '2022-03-09 14:29:36'),
(23, 10, NULL, 0, 'Kaendee', 'c4d3025699aa9ea331e6a2f5b5b0297232e132ec63dfd96b75a202f83b2d3c45', '#qHYEr8GbB8mpawnQyzy8qr+u', 1, 'กุลนิดา', 'เจนกิจโสภณ', 'แคนดี้', '44 ม.5 ต.หมากแข้ง อ.เมืองอุดรธานี จ.อุดรธานี 41000', '1400165053117', 0, 0, '2001-03-09', '6306021824588', '0934528320', 'Kaendee@gmail.com', 'วิทยาลัยอาชีวศึกษาอุดรธานี', 3, '2562', 10, 14000, '2022-03-09 15:19:28', '2022-03-09 15:19:28'),
(24, 8, NULL, 0, 'tanongsakintean.5333', '95ea7c36ea1ad9e22dcc1bc280daea1700708d888ff853f6f107b71f0693ece9', 'wFu6VpG+mLi44#W-nTjK@D5(9Ec', 0, 'ทนงศักดิ์', 'อินเทียน', 'เบียร์', '54 ม.1 ต.หนองกราด อ.ด่านขุนทด จ.นครราชสีมา 30210', '1234567811111', 2, 0, '2001-09-14', '65', '0957203908', 'tanongsakintean.5333@gmail.com', 'วิทยาลัยอาชีวศึกษาสุพรรณบุรี', 2, '2564', 10, 10000, '2022-03-09 18:34:03', '2022-03-12 15:30:34'),
(27, 13, NULL, 0, 'JatMin', 'cb89906ccb9e7d100cc91d14b6376cfffc56c22c8818a339b06e7260af423d21', 'W+s7z7k4n9CijvW@d+L6', 0, 'กุลภรณ์', 'มหาเจริญศิลป์', 'จัสมิน', '1 ม.33 ต.หมากแข้ง อ.เมืองอุดรธานี จ.อุดรธานี 41000', '1410167709470', 1, 0, '2002-03-31', '6306021611057', '0991528286', 'Jatmin@gmail.com', 'โรงเรียนเชียงพังพัฒนวิช', 1, '2562', 10, 20000, '2022-03-10 02:34:58', '2022-12-07 00:52:53'),
(32, 20, NULL, 0, 'Taaroh', 'ad6f3b339e97543047a83b624948fb49edd838af97e5e0b27642ed2126554a80', 'Ejg)aMSmUmFPm5vakUzzi166D6', 1, 'จิราพร', 'สิริโชติสุนทร', 'ทาโร่', '88 ม.59 ต.บ่อยาง อ.เมืองสงขลา จ.สงขลา 90000', '1900195478311', 2, 0, '2003-06-10', '65', '0641697825', 'Taaroh@gmail.com', 'วิทยาลัยอาชีวศึกษาสงขลา', 3, '2564', 10, 20000, '2022-03-10 03:22:06', '2022-03-10 03:22:06'),
(34, 17, NULL, 1, 'Bright', '68ecb65c151cc57ab82d6d53f5c7a7e182c4308515ecb46a79d3ff5c52cb3f44', 'Xgka%ehUN3A8vYYC7uvCKt4A', 0, 'ปริยาวดี', 'มงคลวัชรกุล', 'ไบรท์', '25/66 ม.18 ต.แม่สอด อ.แม่สอด จ.ตาก 63110', '1630663110013', 2, 0, '2003-10-21', '65', '0648252897', 'Brightt@gmail.com', 'โรงเรียนตากพิทยาคม', 1, '2564', 11, 10000, '2023-01-01 03:38:04', '2023-01-01 03:38:04');

--
-- Indexes for dumped tables
--

--
-- Indexes for table `tb_admins`
--
ALTER TABLE `tb_admins`
  ADD PRIMARY KEY (`adm_id`);

--
-- Indexes for table `tb_books`
--
ALTER TABLE `tb_books`
  ADD PRIMARY KEY (`book_id`),
  ADD KEY `branch_id` (`branch_id`),
  ADD KEY `rom_id` (`room_id`);

--
-- Indexes for table `tb_branchs`
--
ALTER TABLE `tb_branchs`
  ADD PRIMARY KEY (`branch_id`),
  ADD KEY `tb_branchs_ibfk_1` (`fac_id`);

--
-- Indexes for table `tb_buildings`
--
ALTER TABLE `tb_buildings`
  ADD PRIMARY KEY (`building_id`);

--
-- Indexes for table `tb_facultys`
--
ALTER TABLE `tb_facultys`
  ADD PRIMARY KEY (`fac_id`);

--
-- Indexes for table `tb_familys`
--
ALTER TABLE `tb_familys`
  ADD PRIMARY KEY (`fam_id`),
  ADD KEY `std_id` (`std_id`) USING BTREE;

--
-- Indexes for table `tb_fixs`
--
ALTER TABLE `tb_fixs`
  ADD PRIMARY KEY (`fix_id`),
  ADD KEY `std_id` (`std_id`);

--
-- Indexes for table `tb_floors`
--
ALTER TABLE `tb_floors`
  ADD PRIMARY KEY (`floor_id`),
  ADD KEY `building_id` (`building_id`);

--
-- Indexes for table `tb_log_stdbook`
--
ALTER TABLE `tb_log_stdbook`
  ADD PRIMARY KEY (`log_id`);

--
-- Indexes for table `tb_news`
--
ALTER TABLE `tb_news`
  ADD PRIMARY KEY (`news_id`);

--
-- Indexes for table `tb_rooms`
--
ALTER TABLE `tb_rooms`
  ADD PRIMARY KEY (`room_id`),
  ADD KEY `floor_id` (`floor_id`);

--
-- Indexes for table `tb_status`
--
ALTER TABLE `tb_status`
  ADD PRIMARY KEY (`status_id`);

--
-- Indexes for table `tb_students`
--
ALTER TABLE `tb_students`
  ADD PRIMARY KEY (`std_id`),
  ADD KEY `branch_id` (`branch_id`),
  ADD KEY `rom_id` (`room_id`);

--
-- AUTO_INCREMENT for dumped tables
--

--
-- AUTO_INCREMENT for table `tb_admins`
--
ALTER TABLE `tb_admins`
  MODIFY `adm_id` int(255) NOT NULL AUTO_INCREMENT, AUTO_INCREMENT=9;

--
-- AUTO_INCREMENT for table `tb_books`
--
ALTER TABLE `tb_books`
  MODIFY `book_id` int(255) NOT NULL AUTO_INCREMENT, AUTO_INCREMENT=385;

--
-- AUTO_INCREMENT for table `tb_branchs`
--
ALTER TABLE `tb_branchs`
  MODIFY `branch_id` int(255) NOT NULL AUTO_INCREMENT, AUTO_INCREMENT=24;

--
-- AUTO_INCREMENT for table `tb_buildings`
--
ALTER TABLE `tb_buildings`
  MODIFY `building_id` int(255) NOT NULL AUTO_INCREMENT, AUTO_INCREMENT=13;

--
-- AUTO_INCREMENT for table `tb_facultys`
--
ALTER TABLE `tb_facultys`
  MODIFY `fac_id` int(255) NOT NULL AUTO_INCREMENT, AUTO_INCREMENT=7;

--
-- AUTO_INCREMENT for table `tb_familys`
--
ALTER TABLE `tb_familys`
  MODIFY `fam_id` int(255) NOT NULL AUTO_INCREMENT, AUTO_INCREMENT=101;

--
-- AUTO_INCREMENT for table `tb_fixs`
--
ALTER TABLE `tb_fixs`
  MODIFY `fix_id` int(11) NOT NULL AUTO_INCREMENT, AUTO_INCREMENT=4;

--
-- AUTO_INCREMENT for table `tb_floors`
--
ALTER TABLE `tb_floors`
  MODIFY `floor_id` int(255) NOT NULL AUTO_INCREMENT, AUTO_INCREMENT=25;

--
-- AUTO_INCREMENT for table `tb_log_stdbook`
--
ALTER TABLE `tb_log_stdbook`
  MODIFY `log_id` int(11) NOT NULL AUTO_INCREMENT, AUTO_INCREMENT=5;

--
-- AUTO_INCREMENT for table `tb_news`
--
ALTER TABLE `tb_news`
  MODIFY `news_id` int(255) NOT NULL AUTO_INCREMENT, AUTO_INCREMENT=6;

--
-- AUTO_INCREMENT for table `tb_rooms`
--
ALTER TABLE `tb_rooms`
  MODIFY `room_id` int(255) NOT NULL AUTO_INCREMENT, AUTO_INCREMENT=407;

--
-- AUTO_INCREMENT for table `tb_status`
--
ALTER TABLE `tb_status`
  MODIFY `status_id` int(11) NOT NULL AUTO_INCREMENT, AUTO_INCREMENT=4;

--
-- AUTO_INCREMENT for table `tb_students`
--
ALTER TABLE `tb_students`
  MODIFY `std_id` int(11) NOT NULL AUTO_INCREMENT, AUTO_INCREMENT=48;

--
-- Constraints for dumped tables
--

--
-- Constraints for table `tb_books`
--
ALTER TABLE `tb_books`
  ADD CONSTRAINT `tb_books_ibfk_1` FOREIGN KEY (`branch_id`) REFERENCES `tb_branchs` (`branch_id`) ON DELETE CASCADE ON UPDATE CASCADE,
  ADD CONSTRAINT `tb_books_ibfk_2` FOREIGN KEY (`room_id`) REFERENCES `tb_rooms` (`room_id`) ON DELETE CASCADE ON UPDATE CASCADE;

--
-- Constraints for table `tb_branchs`
--
ALTER TABLE `tb_branchs`
  ADD CONSTRAINT `fac_id` FOREIGN KEY (`fac_id`) REFERENCES `tb_facultys` (`fac_id`) ON DELETE CASCADE ON UPDATE CASCADE;

--
-- Constraints for table `tb_familys`
--
ALTER TABLE `tb_familys`
  ADD CONSTRAINT `tb_familys_ibfk_1` FOREIGN KEY (`std_id`) REFERENCES `tb_students` (`std_id`) ON DELETE CASCADE ON UPDATE CASCADE;

--
-- Constraints for table `tb_fixs`
--
ALTER TABLE `tb_fixs`
  ADD CONSTRAINT `std_id` FOREIGN KEY (`std_id`) REFERENCES `tb_students` (`std_id`) ON DELETE SET NULL;

--
-- Constraints for table `tb_floors`
--
ALTER TABLE `tb_floors`
  ADD CONSTRAINT `tb_floors_ibfk_1` FOREIGN KEY (`building_id`) REFERENCES `tb_buildings` (`building_id`) ON DELETE CASCADE ON UPDATE CASCADE;

--
-- Constraints for table `tb_rooms`
--
ALTER TABLE `tb_rooms`
  ADD CONSTRAINT `tb_rooms_ibfk_1` FOREIGN KEY (`floor_id`) REFERENCES `tb_floors` (`floor_id`) ON DELETE CASCADE ON UPDATE CASCADE;

--
-- Constraints for table `tb_students`
--
ALTER TABLE `tb_students`
  ADD CONSTRAINT `tb_students_ibfk_1` FOREIGN KEY (`branch_id`) REFERENCES `tb_branchs` (`branch_id`) ON DELETE SET NULL ON UPDATE CASCADE,
  ADD CONSTRAINT `tb_students_ibfk_2` FOREIGN KEY (`room_id`) REFERENCES `tb_rooms` (`room_id`) ON DELETE SET NULL ON UPDATE CASCADE;
COMMIT;

/*!40101 SET CHARACTER_SET_CLIENT=@OLD_CHARACTER_SET_CLIENT */;
/*!40101 SET CHARACTER_SET_RESULTS=@OLD_CHARACTER_SET_RESULTS */;
/*!40101 SET COLLATION_CONNECTION=@OLD_COLLATION_CONNECTION */;
